"STATION","NAME","DATE","AWND","PRCP","TAVG"
"USW00094728","NY CITY CENTRAL PARK, NY US","2014-11-07","7.38","0.00",
"USW00094728","NY CITY CENTRAL PARK, NY US","2014-11-08","6.04","0.00",
"USW00094728","NY CITY CENTRAL PARK, NY US","2014-11-09","2.68","0.00",
"USW00094728","NY CITY CENTRAL PARK, NY US","2014-11-10","2.46","0.00",
"USW00094728","NY CITY CENTRAL PARK, NY US","2014-11-11","3.36","0.00",
"USW00094728","NY CITY CENTRAL PARK, NY US","2014-11-12","2.68","0.00",
"USW00094728","NY CITY CENTRAL PARK, NY US","2014-11-13","3.58","0.20",
"USW00094728","NY CITY CENTRAL PARK, NY US","2014-11-14","7.16","0.06",
"USW00094728","NY CITY CENTRAL PARK, NY US","2014-11-15","3.58","0.00",
"USW00094728","NY CITY CENTRAL PARK, NY US","2014-11-16","3.80","0.03",
"USW00094728","NY CITY CENTRAL PARK, NY US","2014-11-17","3.80","1.54",
"USW00094728","NY CITY CENTRAL PARK, NY US","2014-11-18","10.07","0.00",
"USW00094728","NY CITY CENTRAL PARK, NY US","2014-11-19","7.16","0.00",
"USW00094728","NY CITY CENTRAL PARK, NY US","2014-11-20","7.16","0.00",
"USW00094728","NY CITY CENTRAL PARK, NY US","2014-11-21","7.61","0.00",
"USW00094728","NY CITY CENTRAL PARK, NY US","2014-11-22","4.92","0.00",
"USW00094728","NY CITY CENTRAL PARK, NY US","2014-11-23","3.80","0.00",
"USW00094728","NY CITY CENTRAL PARK, NY US","2014-11-24","5.37","0.70",
"USW00094728","NY CITY CENTRAL PARK, NY US","2014-11-25","5.14","0.00",
"USW00094728","NY CITY CENTRAL PARK, NY US","2014-11-26","8.72","1.24",
"USW00094728","NY CITY CENTRAL PARK, NY US","2014-11-27","5.14","0.02",
"USW00094728","NY CITY CENTRAL PARK, NY US","2014-11-28","5.82","0.00",
"USW00094728","NY CITY CENTRAL PARK, NY US","2014-11-29","3.58","0.00",
"USW00094728","NY CITY CENTRAL PARK, NY US","2014-11-30","4.25","0.00",
"USW00094728","NY CITY CENTRAL PARK, NY US","2014-12-01","6.71","0.09",
"USW00094728","NY CITY CENTRAL PARK, NY US","2014-12-02","9.17","0.08",
"USW00094728","NY CITY CENTRAL PARK, NY US","2014-12-03","7.61","0.06",
"USW00094728","NY CITY CENTRAL PARK, NY US","2014-12-04","5.82","0.00",
"USW00094728","NY CITY CENTRAL PARK, NY US","2014-12-05","6.04","0.51",
"USW00094728","NY CITY CENTRAL PARK, NY US","2014-12-06","4.03","1.22",
"USW00094728","NY CITY CENTRAL PARK, NY US","2014-12-07","11.86","0.04",
"USW00094728","NY CITY CENTRAL PARK, NY US","2014-12-08","11.41","0.00",
"USW00094728","NY CITY CENTRAL PARK, NY US","2014-12-09","10.29","2.54",
"USW00094728","NY CITY CENTRAL PARK, NY US","2014-12-10","8.28","0.08",
"USW00094728","NY CITY CENTRAL PARK, NY US","2014-12-11","7.61","0.01",
"USW00094728","NY CITY CENTRAL PARK, NY US","2014-12-12","8.05","0.00",
"USW00094728","NY CITY CENTRAL PARK, NY US","2014-12-13","8.95","0.00",
"USW00094728","NY CITY CENTRAL PARK, NY US","2014-12-14","6.04","0.00",
"USW00094728","NY CITY CENTRAL PARK, NY US","2014-12-15","2.68","0.00",
"USW00094728","NY CITY CENTRAL PARK, NY US","2014-12-16","3.80","0.20",
"USW00094728","NY CITY CENTRAL PARK, NY US","2014-12-17","5.82","0.02",
"USW00094728","NY CITY CENTRAL PARK, NY US","2014-12-18","8.72","0.00",
"USW00094728","NY CITY CENTRAL PARK, NY US","2014-12-19","7.16","0.00",
"USW00094728","NY CITY CENTRAL PARK, NY US","2014-12-20","4.92","0.00",
"USW00094728","NY CITY CENTRAL PARK, NY US","2014-12-21","4.92","0.00",
"USW00094728","NY CITY CENTRAL PARK, NY US","2014-12-22","6.04","0.04",
"USW00094728","NY CITY CENTRAL PARK, NY US","2014-12-23","8.28","0.16",
"USW00094728","NY CITY CENTRAL PARK, NY US","2014-12-24","5.82","0.80",
"USW00094728","NY CITY CENTRAL PARK, NY US","2014-12-25","9.62","0.09",
"USW00094728","NY CITY CENTRAL PARK, NY US","2014-12-26","5.82","0.00",
"USW00094728","NY CITY CENTRAL PARK, NY US","2014-12-27","4.47","0.00",
"USW00094728","NY CITY CENTRAL PARK, NY US","2014-12-28","5.82","0.10",
"USW00094728","NY CITY CENTRAL PARK, NY US","2014-12-29","5.14","0.00",
"USW00094728","NY CITY CENTRAL PARK, NY US","2014-12-30","4.25","0.00",
"USW00094728","NY CITY CENTRAL PARK, NY US","2014-12-31","5.59","0.00",
"USW00094728","NY CITY CENTRAL PARK, NY US","2015-01-01","7.16","0.00",
"USW00094728","NY CITY CENTRAL PARK, NY US","2015-01-02","7.16","0.00",
"USW00094728","NY CITY CENTRAL PARK, NY US","2015-01-03","6.49","0.71",
"USW00094728","NY CITY CENTRAL PARK, NY US","2015-01-04","6.49","0.30",
"USW00094728","NY CITY CENTRAL PARK, NY US","2015-01-05","10.51","0.00",
"USW00094728","NY CITY CENTRAL PARK, NY US","2015-01-06","4.03","0.05",
"USW00094728","NY CITY CENTRAL PARK, NY US","2015-01-07","12.75","0.00",
"USW00094728","NY CITY CENTRAL PARK, NY US","2015-01-08","8.72","0.00",
"USW00094728","NY CITY CENTRAL PARK, NY US","2015-01-09","8.72","0.07",
"USW00094728","NY CITY CENTRAL PARK, NY US","2015-01-10","8.05","0.00",
"USW00094728","NY CITY CENTRAL PARK, NY US","2015-01-11","6.04","0.00",
"USW00094728","NY CITY CENTRAL PARK, NY US","2015-01-12","3.80","0.36",
"USW00094728","NY CITY CENTRAL PARK, NY US","2015-01-13","8.50","0.00",
"USW00094728","NY CITY CENTRAL PARK, NY US","2015-01-14","6.26","0.00",
"USW00094728","NY CITY CENTRAL PARK, NY US","2015-01-15","4.70","0.00",
"USW00094728","NY CITY CENTRAL PARK, NY US","2015-01-16","9.84","0.00",
"USW00094728","NY CITY CENTRAL PARK, NY US","2015-01-17","6.04","0.00",
"USW00094728","NY CITY CENTRAL PARK, NY US","2015-01-18","3.80","2.10",
"USW00094728","NY CITY CENTRAL PARK, NY US","2015-01-19","7.61","0.00",
"USW00094728","NY CITY CENTRAL PARK, NY US","2015-01-20","5.82","0.00",
"USW00094728","NY CITY CENTRAL PARK, NY US","2015-01-21","4.25","0.00",
"USW00094728","NY CITY CENTRAL PARK, NY US","2015-01-22","5.59","0.00",
"USW00094728","NY CITY CENTRAL PARK, NY US","2015-01-23","5.59","0.00",
"USW00094728","NY CITY CENTRAL PARK, NY US","2015-01-24","6.04","0.72",
"USW00094728","NY CITY CENTRAL PARK, NY US","2015-01-25","6.26","0.00",
"USW00094728","NY CITY CENTRAL PARK, NY US","2015-01-26","12.75","0.48",
"USW00094728","NY CITY CENTRAL PARK, NY US","2015-01-27","8.28","0.36",
"USW00094728","NY CITY CENTRAL PARK, NY US","2015-01-28","7.61","0.00",
"USW00094728","NY CITY CENTRAL PARK, NY US","2015-01-29","3.80","0.02",
"USW00094728","NY CITY CENTRAL PARK, NY US","2015-01-30","10.51","0.06",
"USW00094728","NY CITY CENTRAL PARK, NY US","2015-01-31","12.30","0.00",
"USW00094728","NY CITY CENTRAL PARK, NY US","2015-02-01","3.80","0.03",
"USW00094728","NY CITY CENTRAL PARK, NY US","2015-02-02","9.84","1.02",
"USW00094728","NY CITY CENTRAL PARK, NY US","2015-02-03","7.16","0.00",
"USW00094728","NY CITY CENTRAL PARK, NY US","2015-02-04","4.25","0.00",
"USW00094728","NY CITY CENTRAL PARK, NY US","2015-02-05","8.50","0.00",
"USW00094728","NY CITY CENTRAL PARK, NY US","2015-02-06","7.16","0.00",
"USW00094728","NY CITY CENTRAL PARK, NY US","2015-02-07","3.80","0.02",
"USW00094728","NY CITY CENTRAL PARK, NY US","2015-02-08","8.50","0.00",
"USW00094728","NY CITY CENTRAL PARK, NY US","2015-02-09","10.96","0.09",
"USW00094728","NY CITY CENTRAL PARK, NY US","2015-02-10","10.51","0.01",
"USW00094728","NY CITY CENTRAL PARK, NY US","2015-02-11","6.49","0.00",
"USW00094728","NY CITY CENTRAL PARK, NY US","2015-02-12","7.38","0.00",
"USW00094728","NY CITY CENTRAL PARK, NY US","2015-02-13","9.17","0.00",
"USW00094728","NY CITY CENTRAL PARK, NY US","2015-02-14","5.37","0.02",
"USW00094728","NY CITY CENTRAL PARK, NY US","2015-02-15","14.54","0.00",
"USW00094728","NY CITY CENTRAL PARK, NY US","2015-02-16","6.93","0.00",
"USW00094728","NY CITY CENTRAL PARK, NY US","2015-02-17","4.70","0.14",
"USW00094728","NY CITY CENTRAL PARK, NY US","2015-02-18","4.25","0.00",
"USW00094728","NY CITY CENTRAL PARK, NY US","2015-02-19","11.41","0.00",
"USW00094728","NY CITY CENTRAL PARK, NY US","2015-02-20","10.29","0.00",
"USW00094728","NY CITY CENTRAL PARK, NY US","2015-02-21","4.47","0.61",
"USW00094728","NY CITY CENTRAL PARK, NY US","2015-02-22","2.91","0.10",
"USW00094728","NY CITY CENTRAL PARK, NY US","2015-02-23","11.18","0.00",
"USW00094728","NY CITY CENTRAL PARK, NY US","2015-02-24","5.82","0.00",
"USW00094728","NY CITY CENTRAL PARK, NY US","2015-02-25","6.49","0.00",
"USW00094728","NY CITY CENTRAL PARK, NY US","2015-02-26","7.16","0.00",
"USW00094728","NY CITY CENTRAL PARK, NY US","2015-02-27","6.04","0.00",
"USW00094728","NY CITY CENTRAL PARK, NY US","2015-02-28","3.58","0.00",
"USW00094728","NY CITY CENTRAL PARK, NY US","2015-03-01","2.24","0.52",
"USW00094728","NY CITY CENTRAL PARK, NY US","2015-03-02","8.05","0.00",
"USW00094728","NY CITY CENTRAL PARK, NY US","2015-03-03","4.92","0.67",
"USW00094728","NY CITY CENTRAL PARK, NY US","2015-03-04","6.04","0.25",
"USW00094728","NY CITY CENTRAL PARK, NY US","2015-03-05","5.82","0.76",
"USW00094728","NY CITY CENTRAL PARK, NY US","2015-03-06","6.26","0.00",
"USW00094728","NY CITY CENTRAL PARK, NY US","2015-03-07","5.14","0.00",
"USW00094728","NY CITY CENTRAL PARK, NY US","2015-03-08","5.14","0.00",
"USW00094728","NY CITY CENTRAL PARK, NY US","2015-03-09","4.70","0.01",
"USW00094728","NY CITY CENTRAL PARK, NY US","2015-03-10","3.58","0.46",
"USW00094728","NY CITY CENTRAL PARK, NY US","2015-03-11","6.93","0.01",
"USW00094728","NY CITY CENTRAL PARK, NY US","2015-03-12","8.28","0.00",
"USW00094728","NY CITY CENTRAL PARK, NY US","2015-03-13","6.49","0.00",
"USW00094728","NY CITY CENTRAL PARK, NY US","2015-03-14","5.59","0.81",
"USW00094728","NY CITY CENTRAL PARK, NY US","2015-03-15","11.41","0.00",
"USW00094728","NY CITY CENTRAL PARK, NY US","2015-03-16","3.80","0.00",
"USW00094728","NY CITY CENTRAL PARK, NY US","2015-03-17","9.62","0.02",
"USW00094728","NY CITY CENTRAL PARK, NY US","2015-03-18","9.62","0.00",
"USW00094728","NY CITY CENTRAL PARK, NY US","2015-03-19","5.82","0.00",
"USW00094728","NY CITY CENTRAL PARK, NY US","2015-03-20","7.83","0.40",
"USW00094728","NY CITY CENTRAL PARK, NY US","2015-03-21","5.37","0.00",
"USW00094728","NY CITY CENTRAL PARK, NY US","2015-03-22","7.61","0.00",
"USW00094728","NY CITY CENTRAL PARK, NY US","2015-03-23","6.71","0.00",
"USW00094728","NY CITY CENTRAL PARK, NY US","2015-03-24","4.03","0.00",
"USW00094728","NY CITY CENTRAL PARK, NY US","2015-03-25","4.47","0.05",
"USW00094728","NY CITY CENTRAL PARK, NY US","2015-03-26","2.91","0.32",
"USW00094728","NY CITY CENTRAL PARK, NY US","2015-03-27","4.25","0.27",
"USW00094728","NY CITY CENTRAL PARK, NY US","2015-03-28","7.61","0.00",
"USW00094728","NY CITY CENTRAL PARK, NY US","2015-03-29","6.26","0.00",
"USW00094728","NY CITY CENTRAL PARK, NY US","2015-03-30","7.83","0.00",
"USW00094728","NY CITY CENTRAL PARK, NY US","2015-03-31","5.37","0.17",
"USW00094728","NY CITY CENTRAL PARK, NY US","2015-04-01","5.14","0.00",
"USW00094728","NY CITY CENTRAL PARK, NY US","2015-04-02","6.26","0.00",
"USW00094728","NY CITY CENTRAL PARK, NY US","2015-04-03","6.71","0.04",
"USW00094728","NY CITY CENTRAL PARK, NY US","2015-04-04","10.07","0.01",
"USW00094728","NY CITY CENTRAL PARK, NY US","2015-04-05","4.92","0.00",
"USW00094728","NY CITY CENTRAL PARK, NY US","2015-04-06","4.25","0.00",
"USW00094728","NY CITY CENTRAL PARK, NY US","2015-04-07","6.93","0.15",
"USW00094728","NY CITY CENTRAL PARK, NY US","2015-04-08","11.41","0.00",
"USW00094728","NY CITY CENTRAL PARK, NY US","2015-04-09","8.95","0.00",
"USW00094728","NY CITY CENTRAL PARK, NY US","2015-04-10","4.70","0.17",
"USW00094728","NY CITY CENTRAL PARK, NY US","2015-04-11","8.72","0.00",
"USW00094728","NY CITY CENTRAL PARK, NY US","2015-04-12","3.36","0.00",
"USW00094728","NY CITY CENTRAL PARK, NY US","2015-04-13","4.70","0.00",
"USW00094728","NY CITY CENTRAL PARK, NY US","2015-04-14","3.80","0.01",
"USW00094728","NY CITY CENTRAL PARK, NY US","2015-04-15","6.26","0.00",
"USW00094728","NY CITY CENTRAL PARK, NY US","2015-04-16","6.49","0.00",
"USW00094728","NY CITY CENTRAL PARK, NY US","2015-04-17","5.14","0.08",
"USW00094728","NY CITY CENTRAL PARK, NY US","2015-04-18","4.25","0.00",
"USW00094728","NY CITY CENTRAL PARK, NY US","2015-04-19","8.50","0.00",
"USW00094728","NY CITY CENTRAL PARK, NY US","2015-04-20","7.38","1.37",
"USW00094728","NY CITY CENTRAL PARK, NY US","2015-04-21","6.04","0.20",
"USW00094728","NY CITY CENTRAL PARK, NY US","2015-04-22","6.49","0.05",
"USW00094728","NY CITY CENTRAL PARK, NY US","2015-04-23","9.17","0.00",
"USW00094728","NY CITY CENTRAL PARK, NY US","2015-04-24","8.50","0.00",
"USW00094728","NY CITY CENTRAL PARK, NY US","2015-04-25","5.59","0.00",
"USW00094728","NY CITY CENTRAL PARK, NY US","2015-04-26","5.14","0.00",
"USW00094728","NY CITY CENTRAL PARK, NY US","2015-04-27","5.82","0.00",
"USW00094728","NY CITY CENTRAL PARK, NY US","2015-04-28","7.83","0.00",
"USW00094728","NY CITY CENTRAL PARK, NY US","2015-04-29","5.59","0.00",
"USW00094728","NY CITY CENTRAL PARK, NY US","2015-04-30","8.05","0.00",
"USW00094728","NY CITY CENTRAL PARK, NY US","2015-05-01","5.14","0.00",
"USW00094728","NY CITY CENTRAL PARK, NY US","2015-05-02","2.91","0.00",
"USW00094728","NY CITY CENTRAL PARK, NY US","2015-05-03","2.46","0.00",
"USW00094728","NY CITY CENTRAL PARK, NY US","2015-05-04","5.37","0.00",
"USW00094728","NY CITY CENTRAL PARK, NY US","2015-05-05","4.03","0.00",
"USW00094728","NY CITY CENTRAL PARK, NY US","2015-05-06","4.92","0.00",
"USW00094728","NY CITY CENTRAL PARK, NY US","2015-05-07","2.24","0.00",
"USW00094728","NY CITY CENTRAL PARK, NY US","2015-05-08","2.91","0.00",
"USW00094728","NY CITY CENTRAL PARK, NY US","2015-05-09","4.25","0.00",
"USW00094728","NY CITY CENTRAL PARK, NY US","2015-05-10","3.58","0.00",
"USW00094728","NY CITY CENTRAL PARK, NY US","2015-05-11","3.80","0.00",
"USW00094728","NY CITY CENTRAL PARK, NY US","2015-05-12","5.37","0.00",
"USW00094728","NY CITY CENTRAL PARK, NY US","2015-05-13","7.38","0.00",
"USW00094728","NY CITY CENTRAL PARK, NY US","2015-05-14","3.80","0.00",
"USW00094728","NY CITY CENTRAL PARK, NY US","2015-05-15","3.36","0.00",
"USW00094728","NY CITY CENTRAL PARK, NY US","2015-05-16","2.01","0.30",
"USW00094728","NY CITY CENTRAL PARK, NY US","2015-05-17","2.01","0.02",
"USW00094728","NY CITY CENTRAL PARK, NY US","2015-05-18","4.70","0.00",
"USW00094728","NY CITY CENTRAL PARK, NY US","2015-05-19","2.46","0.00",
"USW00094728","NY CITY CENTRAL PARK, NY US","2015-05-20","6.93","0.00",
"USW00094728","NY CITY CENTRAL PARK, NY US","2015-05-21","2.68","0.00",
"USW00094728","NY CITY CENTRAL PARK, NY US","2015-05-22","6.04","0.00",
"USW00094728","NY CITY CENTRAL PARK, NY US","2015-05-23","4.47","0.00",
"USW00094728","NY CITY CENTRAL PARK, NY US","2015-05-24","3.80","0.00",
"USW00094728","NY CITY CENTRAL PARK, NY US","2015-05-25","4.92","0.00",
"USW00094728","NY CITY CENTRAL PARK, NY US","2015-05-26","5.14","0.00",
"USW00094728","NY CITY CENTRAL PARK, NY US","2015-05-27","5.14","0.08",
"USW00094728","NY CITY CENTRAL PARK, NY US","2015-05-28","4.03","0.00",
"USW00094728","NY CITY CENTRAL PARK, NY US","2015-05-29","4.03","0.00",
"USW00094728","NY CITY CENTRAL PARK, NY US","2015-05-30","5.59","0.00",
"USW00094728","NY CITY CENTRAL PARK, NY US","2015-05-31","5.59","1.46",
"USW00094728","NY CITY CENTRAL PARK, NY US","2015-06-01","10.29","0.72",
"USW00094728","NY CITY CENTRAL PARK, NY US","2015-06-02","6.26","0.37",
"USW00094728","NY CITY CENTRAL PARK, NY US","2015-06-03","4.70","0.00",
"USW00094728","NY CITY CENTRAL PARK, NY US","2015-06-04","5.14","0.00",
"USW00094728","NY CITY CENTRAL PARK, NY US","2015-06-05","2.91","0.13",
"USW00094728","NY CITY CENTRAL PARK, NY US","2015-06-06","4.70","0.19",
"USW00094728","NY CITY CENTRAL PARK, NY US","2015-06-07","3.80","0.00",
"USW00094728","NY CITY CENTRAL PARK, NY US","2015-06-08","6.04","0.06",
"USW00094728","NY CITY CENTRAL PARK, NY US","2015-06-09","4.92","0.01",
"USW00094728","NY CITY CENTRAL PARK, NY US","2015-06-10","3.13","0.00",
"USW00094728","NY CITY CENTRAL PARK, NY US","2015-06-11","4.47","0.00",
"USW00094728","NY CITY CENTRAL PARK, NY US","2015-06-12","4.47","0.00",
"USW00094728","NY CITY CENTRAL PARK, NY US","2015-06-13","5.37","0.00",
"USW00094728","NY CITY CENTRAL PARK, NY US","2015-06-14","2.68","0.36",
"USW00094728","NY CITY CENTRAL PARK, NY US","2015-06-15","4.70","0.57",
"USW00094728","NY CITY CENTRAL PARK, NY US","2015-06-16","2.24","0.27",
"USW00094728","NY CITY CENTRAL PARK, NY US","2015-06-17","3.80","0.00",
"USW00094728","NY CITY CENTRAL PARK, NY US","2015-06-18","3.58","0.00",
"USW00094728","NY CITY CENTRAL PARK, NY US","2015-06-19","3.80","0.00",
"USW00094728","NY CITY CENTRAL PARK, NY US","2015-06-20","5.37","0.00",
"USW00094728","NY CITY CENTRAL PARK, NY US","2015-06-21","4.47","0.64",
"USW00094728","NY CITY CENTRAL PARK, NY US","2015-06-22","4.92","0.00",
"USW00094728","NY CITY CENTRAL PARK, NY US","2015-06-23","5.82","0.02",
"USW00094728","NY CITY CENTRAL PARK, NY US","2015-06-24","4.70","0.00",
"USW00094728","NY CITY CENTRAL PARK, NY US","2015-06-25","3.13","0.00",
"USW00094728","NY CITY CENTRAL PARK, NY US","2015-06-26","4.47","0.00",
"USW00094728","NY CITY CENTRAL PARK, NY US","2015-06-27","7.38","1.12",
"USW00094728","NY CITY CENTRAL PARK, NY US","2015-06-28","5.37","0.29",
"USW00094728","NY CITY CENTRAL PARK, NY US","2015-06-29","4.92","0.00",
"USW00094728","NY CITY CENTRAL PARK, NY US","2015-06-30","4.92","0.04",
"USW00094728","NY CITY CENTRAL PARK, NY US","2015-07-01","4.25","0.39",
"USW00094728","NY CITY CENTRAL PARK, NY US","2015-07-02","1.12","0.00",
"USW00094728","NY CITY CENTRAL PARK, NY US","2015-07-03","2.91","0.00",
"USW00094728","NY CITY CENTRAL PARK, NY US","2015-07-04","3.36","0.00",
"USW00094728","NY CITY CENTRAL PARK, NY US","2015-07-05","1.57","0.00",
"USW00094728","NY CITY CENTRAL PARK, NY US","2015-07-06","2.91","0.00",
"USW00094728","NY CITY CENTRAL PARK, NY US","2015-07-07","4.92","0.12",
"USW00094728","NY CITY CENTRAL PARK, NY US","2015-07-08","3.13","0.00",
"USW00094728","NY CITY CENTRAL PARK, NY US","2015-07-09","4.70","0.30",
"USW00094728","NY CITY CENTRAL PARK, NY US","2015-07-10","4.70","0.00",
"USW00094728","NY CITY CENTRAL PARK, NY US","2015-07-11","2.46","0.00",
"USW00094728","NY CITY CENTRAL PARK, NY US","2015-07-12","2.01","0.00",
"USW00094728","NY CITY CENTRAL PARK, NY US","2015-07-13","2.68","0.00",
"USW00094728","NY CITY CENTRAL PARK, NY US","2015-07-14","2.68","0.42",
"USW00094728","NY CITY CENTRAL PARK, NY US","2015-07-15","4.47","0.12",
"USW00094728","NY CITY CENTRAL PARK, NY US","2015-07-16","5.59","0.00",
"USW00094728","NY CITY CENTRAL PARK, NY US","2015-07-17","3.80","0.00",
"USW00094728","NY CITY CENTRAL PARK, NY US","2015-07-18","4.47","0.32",
"USW00094728","NY CITY CENTRAL PARK, NY US","2015-07-19","3.13","0.00",
"USW00094728","NY CITY CENTRAL PARK, NY US","2015-07-20","4.47","0.00",
"USW00094728","NY CITY CENTRAL PARK, NY US","2015-07-21","2.46","0.00",
"USW00094728","NY CITY CENTRAL PARK, NY US","2015-07-22","5.82","0.00",
"USW00094728","NY CITY CENTRAL PARK, NY US","2015-07-23","3.80","0.00",
"USW00094728","NY CITY CENTRAL PARK, NY US","2015-07-24","2.01","0.00",
"USW00094728","NY CITY CENTRAL PARK, NY US","2015-07-25","3.13","0.00",
"USW00094728","NY CITY CENTRAL PARK, NY US","2015-07-26","4.47","0.00",
"USW00094728","NY CITY CENTRAL PARK, NY US","2015-07-27","2.91","0.36",
"USW00094728","NY CITY CENTRAL PARK, NY US","2015-07-28","2.68","0.00",
"USW00094728","NY CITY CENTRAL PARK, NY US","2015-07-29","3.80","0.00",
"USW00094728","NY CITY CENTRAL PARK, NY US","2015-07-30","4.25","1.95",
"USW00094728","NY CITY CENTRAL PARK, NY US","2015-07-31","3.36","0.00",
"USW00094728","NY CITY CENTRAL PARK, NY US","2015-08-01","4.47","0.00",
"USW00094728","NY CITY CENTRAL PARK, NY US","2015-08-02","2.01","0.00",
"USW00094728","NY CITY CENTRAL PARK, NY US","2015-08-03","4.92","0.00",
"USW00094728","NY CITY CENTRAL PARK, NY US","2015-08-04","5.37","0.43",
"USW00094728","NY CITY CENTRAL PARK, NY US","2015-08-05","2.91","0.00",
"USW00094728","NY CITY CENTRAL PARK, NY US","2015-08-06","2.46","0.00",
"USW00094728","NY CITY CENTRAL PARK, NY US","2015-08-07","5.37","0.00",
"USW00094728","NY CITY CENTRAL PARK, NY US","2015-08-08","3.80","0.00",
"USW00094728","NY CITY CENTRAL PARK, NY US","2015-08-09","3.80","0.00",
"USW00094728","NY CITY CENTRAL PARK, NY US","2015-08-10","4.47","0.00",
"USW00094728","NY CITY CENTRAL PARK, NY US","2015-08-11","4.25","1.17",
"USW00094728","NY CITY CENTRAL PARK, NY US","2015-08-12","4.70","0.00",
"USW00094728","NY CITY CENTRAL PARK, NY US","2015-08-13","3.13","0.00",
"USW00094728","NY CITY CENTRAL PARK, NY US","2015-08-14","2.91","0.00",
"USW00094728","NY CITY CENTRAL PARK, NY US","2015-08-15","3.36","0.00",
"USW00094728","NY CITY CENTRAL PARK, NY US","2015-08-16","1.57","0.00",
"USW00094728","NY CITY CENTRAL PARK, NY US","2015-08-17","3.36","0.00",
"USW00094728","NY CITY CENTRAL PARK, NY US","2015-08-18","4.03","0.29",
"USW00094728","NY CITY CENTRAL PARK, NY US","2015-08-19","4.03","0.00",
"USW00094728","NY CITY CENTRAL PARK, NY US","2015-08-20","5.59","0.01",
"USW00094728","NY CITY CENTRAL PARK, NY US","2015-08-21","4.25","0.32",
"USW00094728","NY CITY CENTRAL PARK, NY US","2015-08-22","4.47","0.00",
"USW00094728","NY CITY CENTRAL PARK, NY US","2015-08-23","4.03","0.00",
"USW00094728","NY CITY CENTRAL PARK, NY US","2015-08-24","2.46","0.00",
"USW00094728","NY CITY CENTRAL PARK, NY US","2015-08-25","3.80","0.00",
"USW00094728","NY CITY CENTRAL PARK, NY US","2015-08-26","3.80","0.00",
"USW00094728","NY CITY CENTRAL PARK, NY US","2015-08-27","3.13","0.00",
"USW00094728","NY CITY CENTRAL PARK, NY US","2015-08-28","2.46","0.00",
"USW00094728","NY CITY CENTRAL PARK, NY US","2015-08-29","2.01","0.00",
"USW00094728","NY CITY CENTRAL PARK, NY US","2015-08-30","4.03","0.13",
"USW00094728","NY CITY CENTRAL PARK, NY US","2015-08-31","4.47","0.00",
"USW00094728","NY CITY CENTRAL PARK, NY US","2015-09-01","2.24","0.00",
"USW00094728","NY CITY CENTRAL PARK, NY US","2015-09-02","1.79","0.00",
"USW00094728","NY CITY CENTRAL PARK, NY US","2015-09-03","2.01","0.00",
"USW00094728","NY CITY CENTRAL PARK, NY US","2015-09-04","6.93","0.00",
"USW00094728","NY CITY CENTRAL PARK, NY US","2015-09-05","4.03","0.00",
"USW00094728","NY CITY CENTRAL PARK, NY US","2015-09-06","1.34","0.00",
"USW00094728","NY CITY CENTRAL PARK, NY US","2015-09-07","4.25","0.00",
"USW00094728","NY CITY CENTRAL PARK, NY US","2015-09-08","4.92","0.00",
"USW00094728","NY CITY CENTRAL PARK, NY US","2015-09-09","3.80","0.00",
"USW00094728","NY CITY CENTRAL PARK, NY US","2015-09-10","6.26","1.58",
"USW00094728","NY CITY CENTRAL PARK, NY US","2015-09-11","5.14","0.00",
"USW00094728","NY CITY CENTRAL PARK, NY US","2015-09-12","4.25","0.29",
"USW00094728","NY CITY CENTRAL PARK, NY US","2015-09-13","6.26","0.04",
"USW00094728","NY CITY CENTRAL PARK, NY US","2015-09-14","6.49","0.00",
"USW00094728","NY CITY CENTRAL PARK, NY US","2015-09-15","2.24","0.00",
"USW00094728","NY CITY CENTRAL PARK, NY US","2015-09-16","1.34","0.00",
"USW00094728","NY CITY CENTRAL PARK, NY US","2015-09-17","2.24","0.00",
"USW00094728","NY CITY CENTRAL PARK, NY US","2015-09-18","2.01","0.00",
"USW00094728","NY CITY CENTRAL PARK, NY US","2015-09-19","2.68","0.00",
"USW00094728","NY CITY CENTRAL PARK, NY US","2015-09-20","7.83","0.00",
"USW00094728","NY CITY CENTRAL PARK, NY US","2015-09-21","7.61","0.00",
"USW00094728","NY CITY CENTRAL PARK, NY US","2015-09-22","6.93","0.00",
"USW00094728","NY CITY CENTRAL PARK, NY US","2015-09-23","2.91","0.00",
"USW00094728","NY CITY CENTRAL PARK, NY US","2015-09-24","4.25","0.00",
"USW00094728","NY CITY CENTRAL PARK, NY US","2015-09-25","6.26","0.00",
"USW00094728","NY CITY CENTRAL PARK, NY US","2015-09-26","6.04","0.00",
"USW00094728","NY CITY CENTRAL PARK, NY US","2015-09-27","4.92","0.00",
"USW00094728","NY CITY CENTRAL PARK, NY US","2015-09-28","3.36","0.00",
"USW00094728","NY CITY CENTRAL PARK, NY US","2015-09-29","2.68","0.11",
"USW00094728","NY CITY CENTRAL PARK, NY US","2015-09-30","8.28","1.26",
"USW00094728","NY CITY CENTRAL PARK, NY US","2015-10-01","8.72","0.09",
"USW00094728","NY CITY CENTRAL PARK, NY US","2015-10-02","12.53","1.08",
"USW00094728","NY CITY CENTRAL PARK, NY US","2015-10-03","11.41","0.35",
"USW00094728","NY CITY CENTRAL PARK, NY US","2015-10-04","10.74","0.00",
"USW00094728","NY CITY CENTRAL PARK, NY US","2015-10-05","6.26","0.00",
"USW00094728","NY CITY CENTRAL PARK, NY US","2015-10-06","1.57","0.00",
"USW00094728","NY CITY CENTRAL PARK, NY US","2015-10-07","2.91","0.00",
"USW00094728","NY CITY CENTRAL PARK, NY US","2015-10-08","3.36","0.00",
"USW00094728","NY CITY CENTRAL PARK, NY US","2015-10-09","4.03","0.89",
"USW00094728","NY CITY CENTRAL PARK, NY US","2015-10-10","2.46","0.00",
"USW00094728","NY CITY CENTRAL PARK, NY US","2015-10-11","3.80","0.00",
"USW00094728","NY CITY CENTRAL PARK, NY US","2015-10-12","3.80","0.00",
"USW00094728","NY CITY CENTRAL PARK, NY US","2015-10-13","3.58","0.01",
"USW00094728","NY CITY CENTRAL PARK, NY US","2015-10-14","3.80","0.00",
"USW00094728","NY CITY CENTRAL PARK, NY US","2015-10-15","4.03","0.00",
"USW00094728","NY CITY CENTRAL PARK, NY US","2015-10-16","5.37","0.00",
"USW00094728","NY CITY CENTRAL PARK, NY US","2015-10-17","5.82","0.00",
"USW00094728","NY CITY CENTRAL PARK, NY US","2015-10-18","4.92","0.00",
"USW00094728","NY CITY CENTRAL PARK, NY US","2015-10-19","3.80","0.00",
"USW00094728","NY CITY CENTRAL PARK, NY US","2015-10-20","6.04","0.00",
"USW00094728","NY CITY CENTRAL PARK, NY US","2015-10-21","2.24","0.00",
"USW00094728","NY CITY CENTRAL PARK, NY US","2015-10-22","4.70","0.00",
"USW00094728","NY CITY CENTRAL PARK, NY US","2015-10-23","6.71","0.00",
"USW00094728","NY CITY CENTRAL PARK, NY US","2015-10-24","4.03","0.00",
"USW00094728","NY CITY CENTRAL PARK, NY US","2015-10-25","4.92","0.05",
"USW00094728","NY CITY CENTRAL PARK, NY US","2015-10-26","3.80","0.00",
"USW00094728","NY CITY CENTRAL PARK, NY US","2015-10-27","4.47","0.00",
"USW00094728","NY CITY CENTRAL PARK, NY US","2015-10-28","6.71","1.40",
"USW00094728","NY CITY CENTRAL PARK, NY US","2015-10-29","6.49","0.04",
"USW00094728","NY CITY CENTRAL PARK, NY US","2015-10-30","5.82","0.00",
"USW00094728","NY CITY CENTRAL PARK, NY US","2015-10-31","2.91","0.00",
"USW00094728","NY CITY CENTRAL PARK, NY US","2015-11-01","4.92","0.00",
"USW00094728","NY CITY CENTRAL PARK, NY US","2015-11-02","2.01","0.00",
"USW00094728","NY CITY CENTRAL PARK, NY US","2015-11-03","2.46","0.00",
"USW00094728","NY CITY CENTRAL PARK, NY US","2015-11-04","2.46","0.00",
"USW00094728","NY CITY CENTRAL PARK, NY US","2015-11-05","2.01","0.01",
"USW00094728","NY CITY CENTRAL PARK, NY US","2015-11-06","4.70","0.00",
"USW00094728","NY CITY CENTRAL PARK, NY US","2015-11-07","4.47","0.00",
"USW00094728","NY CITY CENTRAL PARK, NY US","2015-11-08","3.58","0.00",
"USW00094728","NY CITY CENTRAL PARK, NY US","2015-11-09","2.01","0.00",
"USW00094728","NY CITY CENTRAL PARK, NY US","2015-11-10","9.84","0.26",
"USW00094728","NY CITY CENTRAL PARK, NY US","2015-11-11","4.92","0.43",
"USW00094728","NY CITY CENTRAL PARK, NY US","2015-11-12","5.59","0.01",
"USW00094728","NY CITY CENTRAL PARK, NY US","2015-11-13","10.74","0.00",
"USW00094728","NY CITY CENTRAL PARK, NY US","2015-11-14","7.83","0.00",
"USW00094728","NY CITY CENTRAL PARK, NY US","2015-11-15","4.70","0.00",
"USW00094728","NY CITY CENTRAL PARK, NY US","2015-11-16","4.03","0.00",
"USW00094728","NY CITY CENTRAL PARK, NY US","2015-11-17","6.26","0.00",
"USW00094728","NY CITY CENTRAL PARK, NY US","2015-11-18","5.14","0.00",
"USW00094728","NY CITY CENTRAL PARK, NY US","2015-11-19","5.59","1.25",
"USW00094728","NY CITY CENTRAL PARK, NY US","2015-11-20","5.82","0.00",
"USW00094728","NY CITY CENTRAL PARK, NY US","2015-11-21","6.49","0.00",
"USW00094728","NY CITY CENTRAL PARK, NY US","2015-11-22","6.26","0.03",
"USW00094728","NY CITY CENTRAL PARK, NY US","2015-11-23","5.82","0.00",
"USW00094728","NY CITY CENTRAL PARK, NY US","2015-11-24","3.80","0.00",
"USW00094728","NY CITY CENTRAL PARK, NY US","2015-11-25","2.68","0.00",
"USW00094728","NY CITY CENTRAL PARK, NY US","2015-11-26","2.91","0.00",
"USW00094728","NY CITY CENTRAL PARK, NY US","2015-11-27","3.80","0.00",
"USW00094728","NY CITY CENTRAL PARK, NY US","2015-11-28",,"0.02",
"USW00094728","NY CITY CENTRAL PARK, NY US","2015-11-29",,"0.00",
"USW00094728","NY CITY CENTRAL PARK, NY US","2015-11-30","5.59","0.00",
"USW00094728","NY CITY CENTRAL PARK, NY US","2015-12-01","6.71","0.33",
"USW00094728","NY CITY CENTRAL PARK, NY US","2015-12-02","2.91","0.14",
"USW00094728","NY CITY CENTRAL PARK, NY US","2015-12-03","8.50","0.00",
"USW00094728","NY CITY CENTRAL PARK, NY US","2015-12-04","4.25","0.00",
"USW00094728","NY CITY CENTRAL PARK, NY US","2015-12-05","2.24","0.00",
"USW00094728","NY CITY CENTRAL PARK, NY US","2015-12-06","3.36","0.00",
"USW00094728","NY CITY CENTRAL PARK, NY US","2015-12-07","3.80","0.00",
"USW00094728","NY CITY CENTRAL PARK, NY US","2015-12-08","4.47","0.00",
"USW00094728","NY CITY CENTRAL PARK, NY US","2015-12-09","4.25","0.00",
"USW00094728","NY CITY CENTRAL PARK, NY US","2015-12-10","4.25","0.00",
"USW00094728","NY CITY CENTRAL PARK, NY US","2015-12-11","4.70","0.00",
"USW00094728","NY CITY CENTRAL PARK, NY US","2015-12-12","2.01","0.00",
"USW00094728","NY CITY CENTRAL PARK, NY US","2015-12-13","3.36","0.00",
"USW00094728","NY CITY CENTRAL PARK, NY US","2015-12-14","4.70","0.33",
"USW00094728","NY CITY CENTRAL PARK, NY US","2015-12-15","10.51","0.09",
"USW00094728","NY CITY CENTRAL PARK, NY US","2015-12-16","5.37","0.04",
"USW00094728","NY CITY CENTRAL PARK, NY US","2015-12-17","4.92","1.21",
"USW00094728","NY CITY CENTRAL PARK, NY US","2015-12-18","6.71","0.00",
"USW00094728","NY CITY CENTRAL PARK, NY US","2015-12-19","9.40","0.00",
"USW00094728","NY CITY CENTRAL PARK, NY US","2015-12-20","6.04","0.00",
"USW00094728","NY CITY CENTRAL PARK, NY US","2015-12-21","7.16","0.00",
"USW00094728","NY CITY CENTRAL PARK, NY US","2015-12-22","4.92","0.19",
"USW00094728","NY CITY CENTRAL PARK, NY US","2015-12-23","3.58","1.55",
"USW00094728","NY CITY CENTRAL PARK, NY US","2015-12-24","4.47","0.01",
"USW00094728","NY CITY CENTRAL PARK, NY US","2015-12-25","0.89","0.01",
"USW00094728","NY CITY CENTRAL PARK, NY US","2015-12-26","8.05","0.00",
"USW00094728","NY CITY CENTRAL PARK, NY US","2015-12-27","5.82","0.12",
"USW00094728","NY CITY CENTRAL PARK, NY US","2015-12-28","8.28","0.03",
"USW00094728","NY CITY CENTRAL PARK, NY US","2015-12-29","6.93","0.45",
"USW00094728","NY CITY CENTRAL PARK, NY US","2015-12-30","4.03","0.19",
"USW00094728","NY CITY CENTRAL PARK, NY US","2015-12-31","5.37","0.03",
"USW00094728","NY CITY CENTRAL PARK, NY US","2016-01-01","7.61","0.00",
"USW00094728","NY CITY CENTRAL PARK, NY US","2016-01-02","6.71","0.00",
"USW00094728","NY CITY CENTRAL PARK, NY US","2016-01-03","7.83","0.00",
"USW00094728","NY CITY CENTRAL PARK, NY US","2016-01-04","8.50","0.00",
"USW00094728","NY CITY CENTRAL PARK, NY US","2016-01-05","5.14","0.00",
"USW00094728","NY CITY CENTRAL PARK, NY US","2016-01-06","3.58","0.00",
"USW00094728","NY CITY CENTRAL PARK, NY US","2016-01-07","2.46","0.00",
"USW00094728","NY CITY CENTRAL PARK, NY US","2016-01-08","4.25","0.00",
"USW00094728","NY CITY CENTRAL PARK, NY US","2016-01-09","8.05","0.00",
"USW00094728","NY CITY CENTRAL PARK, NY US","2016-01-10","9.84","1.80",
"USW00094728","NY CITY CENTRAL PARK, NY US","2016-01-11","10.51","0.00",
"USW00094728","NY CITY CENTRAL PARK, NY US","2016-01-12","6.04","0.00",
"USW00094728","NY CITY CENTRAL PARK, NY US","2016-01-13","9.84","0.00",
"USW00094728","NY CITY CENTRAL PARK, NY US","2016-01-14","4.92","0.00",
"USW00094728","NY CITY CENTRAL PARK, NY US","2016-01-15","5.14","0.00",
"USW00094728","NY CITY CENTRAL PARK, NY US","2016-01-16","6.71","0.24",
"USW00094728","NY CITY CENTRAL PARK, NY US","2016-01-17","5.59","0.05",
"USW00094728","NY CITY CENTRAL PARK, NY US","2016-01-18","11.86","0.00",
"USW00094728","NY CITY CENTRAL PARK, NY US","2016-01-19","10.96","0.00",
"USW00094728","NY CITY CENTRAL PARK, NY US","2016-01-20","5.59","0.00",
"USW00094728","NY CITY CENTRAL PARK, NY US","2016-01-21","6.04","0.00",
"USW00094728","NY CITY CENTRAL PARK, NY US","2016-01-22","6.49","0.01",
"USW00094728","NY CITY CENTRAL PARK, NY US","2016-01-23","15.66","2.31",
"USW00094728","NY CITY CENTRAL PARK, NY US","2016-01-24","5.82","0.00",
"USW00094728","NY CITY CENTRAL PARK, NY US","2016-01-25","3.36","0.00",
"USW00094728","NY CITY CENTRAL PARK, NY US","2016-01-26","6.49","0.00",
"USW00094728","NY CITY CENTRAL PARK, NY US","2016-01-27","6.71","0.00",
"USW00094728","NY CITY CENTRAL PARK, NY US","2016-01-28","4.47","0.00",
"USW00094728","NY CITY CENTRAL PARK, NY US","2016-01-29","7.83","0.00",
"USW00094728","NY CITY CENTRAL PARK, NY US","2016-01-30","6.93","0.00",
"USW00094728","NY CITY CENTRAL PARK, NY US","2016-01-31","5.14","0.00",
"USW00094728","NY CITY CENTRAL PARK, NY US","2016-02-01","5.82","0.01",
"USW00094728","NY CITY CENTRAL PARK, NY US","2016-02-02","3.58","0.00",
"USW00094728","NY CITY CENTRAL PARK, NY US","2016-02-03","6.49","0.73",
"USW00094728","NY CITY CENTRAL PARK, NY US","2016-02-04","5.82","0.00",
"USW00094728","NY CITY CENTRAL PARK, NY US","2016-02-05","8.28","0.53",
"USW00094728","NY CITY CENTRAL PARK, NY US","2016-02-06","5.59","0.00",
"USW00094728","NY CITY CENTRAL PARK, NY US","2016-02-07","5.37","0.00",
"USW00094728","NY CITY CENTRAL PARK, NY US","2016-02-08","10.51","0.05",
"USW00094728","NY CITY CENTRAL PARK, NY US","2016-02-09","4.03","0.00",
"USW00094728","NY CITY CENTRAL PARK, NY US","2016-02-10","5.82","0.01",
"USW00094728","NY CITY CENTRAL PARK, NY US","2016-02-11","10.07","0.00",
"USW00094728","NY CITY CENTRAL PARK, NY US","2016-02-12","6.71","0.00",
"USW00094728","NY CITY CENTRAL PARK, NY US","2016-02-13","12.30","0.00",
"USW00094728","NY CITY CENTRAL PARK, NY US","2016-02-14","6.26","0.00",
"USW00094728","NY CITY CENTRAL PARK, NY US","2016-02-15","5.37","0.44",
"USW00094728","NY CITY CENTRAL PARK, NY US","2016-02-16","7.83","1.01",
"USW00094728","NY CITY CENTRAL PARK, NY US","2016-02-17","7.38","0.00",
"USW00094728","NY CITY CENTRAL PARK, NY US","2016-02-18","7.16","0.00",
"USW00094728","NY CITY CENTRAL PARK, NY US","2016-02-19","5.37","0.00",
"USW00094728","NY CITY CENTRAL PARK, NY US","2016-02-20","7.38","0.00",
"USW00094728","NY CITY CENTRAL PARK, NY US","2016-02-21","4.92","0.03",
"USW00094728","NY CITY CENTRAL PARK, NY US","2016-02-22","5.14","0.00",
"USW00094728","NY CITY CENTRAL PARK, NY US","2016-02-23","14.54","0.30",
"USW00094728","NY CITY CENTRAL PARK, NY US","2016-02-24","10.51","1.22",
"USW00094728","NY CITY CENTRAL PARK, NY US","2016-02-25","8.95","0.02",
"USW00094728","NY CITY CENTRAL PARK, NY US","2016-02-26","8.72","0.00",
"USW00094728","NY CITY CENTRAL PARK, NY US","2016-02-27","6.04","0.00",
"USW00094728","NY CITY CENTRAL PARK, NY US","2016-02-28","7.38","0.00",
"USW00094728","NY CITY CENTRAL PARK, NY US","2016-02-29","8.50","0.05",
"USW00094728","NY CITY CENTRAL PARK, NY US","2016-03-01","7.61","0.00",
"USW00094728","NY CITY CENTRAL PARK, NY US","2016-03-02","10.51","0.14",
"USW00094728","NY CITY CENTRAL PARK, NY US","2016-03-03","5.82","0.00",
"USW00094728","NY CITY CENTRAL PARK, NY US","2016-03-04","8.72","0.11",
"USW00094728","NY CITY CENTRAL PARK, NY US","2016-03-05","4.25","0.00",
"USW00094728","NY CITY CENTRAL PARK, NY US","2016-03-06","3.36","0.00",
"USW00094728","NY CITY CENTRAL PARK, NY US","2016-03-07","7.83","0.00",
"USW00094728","NY CITY CENTRAL PARK, NY US","2016-03-08","3.36","0.00",
"USW00094728","NY CITY CENTRAL PARK, NY US","2016-03-09","2.24","0.00",
"USW00094728","NY CITY CENTRAL PARK, NY US","2016-03-10","4.92","0.00",
"USW00094728","NY CITY CENTRAL PARK, NY US","2016-03-11","6.04","0.06",
"USW00094728","NY CITY CENTRAL PARK, NY US","2016-03-12","5.14","0.00",
"USW00094728","NY CITY CENTRAL PARK, NY US","2016-03-13","3.58","0.00",
"USW00094728","NY CITY CENTRAL PARK, NY US","2016-03-14","14.09","0.29",
"USW00094728","NY CITY CENTRAL PARK, NY US","2016-03-15","5.37","0.00",
"USW00094728","NY CITY CENTRAL PARK, NY US","2016-03-16","3.58","0.02",
"USW00094728","NY CITY CENTRAL PARK, NY US","2016-03-17","4.92","0.00",
"USW00094728","NY CITY CENTRAL PARK, NY US","2016-03-18","8.72","0.00",
"USW00094728","NY CITY CENTRAL PARK, NY US","2016-03-19","5.14","0.00",
"USW00094728","NY CITY CENTRAL PARK, NY US","2016-03-20","9.62","0.07",
"USW00094728","NY CITY CENTRAL PARK, NY US","2016-03-21","8.05","0.06",
"USW00094728","NY CITY CENTRAL PARK, NY US","2016-03-22","6.93","0.00",
"USW00094728","NY CITY CENTRAL PARK, NY US","2016-03-23","6.04","0.00",
"USW00094728","NY CITY CENTRAL PARK, NY US","2016-03-24","9.17","0.00",
"USW00094728","NY CITY CENTRAL PARK, NY US","2016-03-25","3.80","0.04",
"USW00094728","NY CITY CENTRAL PARK, NY US","2016-03-26","6.49","0.00",
"USW00094728","NY CITY CENTRAL PARK, NY US","2016-03-27","5.59","0.00",
"USW00094728","NY CITY CENTRAL PARK, NY US","2016-03-28","10.07","0.38",
"USW00094728","NY CITY CENTRAL PARK, NY US","2016-03-29","11.63","0.00",
"USW00094728","NY CITY CENTRAL PARK, NY US","2016-03-30","5.37","0.00",
"USW00094728","NY CITY CENTRAL PARK, NY US","2016-03-31","6.71","0.00",
"USW00094728","NY CITY CENTRAL PARK, NY US","2016-04-01","6.71","0.02",
"USW00094728","NY CITY CENTRAL PARK, NY US","2016-04-02","4.92","0.16",
"USW00094728","NY CITY CENTRAL PARK, NY US","2016-04-03","12.75","0.09",
"USW00094728","NY CITY CENTRAL PARK, NY US","2016-04-04","7.16","0.47",
"USW00094728","NY CITY CENTRAL PARK, NY US","2016-04-05","8.28","0.00",
"USW00094728","NY CITY CENTRAL PARK, NY US","2016-04-06","6.04","0.00",
"USW00094728","NY CITY CENTRAL PARK, NY US","2016-04-07","6.93","0.09",
"USW00094728","NY CITY CENTRAL PARK, NY US","2016-04-08","7.16","0.01",
"USW00094728","NY CITY CENTRAL PARK, NY US","2016-04-09","6.49","0.11",
"USW00094728","NY CITY CENTRAL PARK, NY US","2016-04-10","4.92","0.00",
"USW00094728","NY CITY CENTRAL PARK, NY US","2016-04-11","6.93","0.01",
"USW00094728","NY CITY CENTRAL PARK, NY US","2016-04-12","5.82","0.20",
"USW00094728","NY CITY CENTRAL PARK, NY US","2016-04-13","4.47","0.00",
"USW00094728","NY CITY CENTRAL PARK, NY US","2016-04-14","6.49","0.00",
"USW00094728","NY CITY CENTRAL PARK, NY US","2016-04-15","3.80","0.00",
"USW00094728","NY CITY CENTRAL PARK, NY US","2016-04-16","4.92","0.00",
"USW00094728","NY CITY CENTRAL PARK, NY US","2016-04-17","2.91","0.00",
"USW00094728","NY CITY CENTRAL PARK, NY US","2016-04-18","3.80","0.00",
"USW00094728","NY CITY CENTRAL PARK, NY US","2016-04-19","7.61","0.00",
"USW00094728","NY CITY CENTRAL PARK, NY US","2016-04-20","6.04","0.00",
"USW00094728","NY CITY CENTRAL PARK, NY US","2016-04-21","5.59","0.00",
"USW00094728","NY CITY CENTRAL PARK, NY US","2016-04-22","4.25","0.00",
"USW00094728","NY CITY CENTRAL PARK, NY US","2016-04-23","7.16","0.16",
"USW00094728","NY CITY CENTRAL PARK, NY US","2016-04-24","5.82","0.00",
"USW00094728","NY CITY CENTRAL PARK, NY US","2016-04-25","4.03","0.00",
"USW00094728","NY CITY CENTRAL PARK, NY US","2016-04-26","7.16","0.24",
"USW00094728","NY CITY CENTRAL PARK, NY US","2016-04-27","4.25","0.00",
"USW00094728","NY CITY CENTRAL PARK, NY US","2016-04-28","4.70","0.00",
"USW00094728","NY CITY CENTRAL PARK, NY US","2016-04-29","5.82","0.05",
"USW00094728","NY CITY CENTRAL PARK, NY US","2016-04-30","5.82","0.00",
"USW00094728","NY CITY CENTRAL PARK, NY US","2016-05-01","4.92","0.16",
"USW00094728","NY CITY CENTRAL PARK, NY US","2016-05-02","2.24","0.04",
"USW00094728","NY CITY CENTRAL PARK, NY US","2016-05-03","6.04","0.61",
"USW00094728","NY CITY CENTRAL PARK, NY US","2016-05-04","8.72","0.01",
"USW00094728","NY CITY CENTRAL PARK, NY US","2016-05-05","8.28","0.00",
"USW00094728","NY CITY CENTRAL PARK, NY US","2016-05-06","7.83","0.54",
"USW00094728","NY CITY CENTRAL PARK, NY US","2016-05-07","4.47","0.00",
"USW00094728","NY CITY CENTRAL PARK, NY US","2016-05-08","4.70","0.16",
"USW00094728","NY CITY CENTRAL PARK, NY US","2016-05-09","5.14","0.00",
"USW00094728","NY CITY CENTRAL PARK, NY US","2016-05-10","4.92","0.00",
"USW00094728","NY CITY CENTRAL PARK, NY US","2016-05-11","2.46","0.00",
"USW00094728","NY CITY CENTRAL PARK, NY US","2016-05-12","3.36","0.00",
"USW00094728","NY CITY CENTRAL PARK, NY US","2016-05-13",,"0.25",
"USW00094728","NY CITY CENTRAL PARK, NY US","2016-05-14",,"0.00",
"USW00094728","NY CITY CENTRAL PARK, NY US","2016-05-15",,"0.00",
"USW00094728","NY CITY CENTRAL PARK, NY US","2016-05-16",,"0.00",
"USW00094728","NY CITY CENTRAL PARK, NY US","2016-05-17","3.80","0.00",
"USW00094728","NY CITY CENTRAL PARK, NY US","2016-05-18",,"0.00",
"USW00094728","NY CITY CENTRAL PARK, NY US","2016-05-19","1.34","0.00",
"USW00094728","NY CITY CENTRAL PARK, NY US","2016-05-20","4.47","0.00",
"USW00094728","NY CITY CENTRAL PARK, NY US","2016-05-21","3.80","0.04",
"USW00094728","NY CITY CENTRAL PARK, NY US","2016-05-22","3.58","0.09",
"USW00094728","NY CITY CENTRAL PARK, NY US","2016-05-23","2.46","0.02",
"USW00094728","NY CITY CENTRAL PARK, NY US","2016-05-24","2.01","0.18",
"USW00094728","NY CITY CENTRAL PARK, NY US","2016-05-25","4.25","0.00",
"USW00094728","NY CITY CENTRAL PARK, NY US","2016-05-26","3.58","0.00",
"USW00094728","NY CITY CENTRAL PARK, NY US","2016-05-27","3.80","0.00",
"USW00094728","NY CITY CENTRAL PARK, NY US","2016-05-28","4.47","0.00",
"USW00094728","NY CITY CENTRAL PARK, NY US","2016-05-29","4.92","0.00",
"USW00094728","NY CITY CENTRAL PARK, NY US","2016-05-30","3.13","1.65",
"USW00094728","NY CITY CENTRAL PARK, NY US","2016-05-31","3.13","0.00",
"USW00094728","NY CITY CENTRAL PARK, NY US","2016-06-01","6.04","0.00",
"USW00094728","NY CITY CENTRAL PARK, NY US","2016-06-02","4.70","0.00",
"USW00094728","NY CITY CENTRAL PARK, NY US","2016-06-03","1.34","0.04",
"USW00094728","NY CITY CENTRAL PARK, NY US","2016-06-04","2.46","0.40",
"USW00094728","NY CITY CENTRAL PARK, NY US","2016-06-05","3.36","0.91",
"USW00094728","NY CITY CENTRAL PARK, NY US","2016-06-06","5.59","0.00",
"USW00094728","NY CITY CENTRAL PARK, NY US","2016-06-07","5.14","0.00",
"USW00094728","NY CITY CENTRAL PARK, NY US","2016-06-08","7.61","0.45",
"USW00094728","NY CITY CENTRAL PARK, NY US","2016-06-09","8.95","0.00",
"USW00094728","NY CITY CENTRAL PARK, NY US","2016-06-10","5.37","0.00",
"USW00094728","NY CITY CENTRAL PARK, NY US","2016-06-11","3.36","0.00",
"USW00094728","NY CITY CENTRAL PARK, NY US","2016-06-12","8.05","0.00",
"USW00094728","NY CITY CENTRAL PARK, NY US","2016-06-13","7.38","0.00",
"USW00094728","NY CITY CENTRAL PARK, NY US","2016-06-14","4.25","0.00",
"USW00094728","NY CITY CENTRAL PARK, NY US","2016-06-15","2.46","0.00",
"USW00094728","NY CITY CENTRAL PARK, NY US","2016-06-16","1.79","0.22",
"USW00094728","NY CITY CENTRAL PARK, NY US","2016-06-17","4.70","0.00",
"USW00094728","NY CITY CENTRAL PARK, NY US","2016-06-18","2.68","0.00",
"USW00094728","NY CITY CENTRAL PARK, NY US","2016-06-19","2.91","0.00",
"USW00094728","NY CITY CENTRAL PARK, NY US","2016-06-20","3.13","0.00",
"USW00094728","NY CITY CENTRAL PARK, NY US","2016-06-21","4.92","0.00",
"USW00094728","NY CITY CENTRAL PARK, NY US","2016-06-22","4.03","0.00",
"USW00094728","NY CITY CENTRAL PARK, NY US","2016-06-23","2.01","0.00",
"USW00094728","NY CITY CENTRAL PARK, NY US","2016-06-24","6.26","0.00",
"USW00094728","NY CITY CENTRAL PARK, NY US","2016-06-25","3.58","0.00",
"USW00094728","NY CITY CENTRAL PARK, NY US","2016-06-26","2.46","0.00",
"USW00094728","NY CITY CENTRAL PARK, NY US","2016-06-27","4.92","0.45",
"USW00094728","NY CITY CENTRAL PARK, NY US","2016-06-28","3.58","0.12",
"USW00094728","NY CITY CENTRAL PARK, NY US","2016-06-29","2.24","0.01",
"USW00094728","NY CITY CENTRAL PARK, NY US","2016-06-30","2.91","0.00",
"USW00094728","NY CITY CENTRAL PARK, NY US","2016-07-01","3.36","0.83",
"USW00094728","NY CITY CENTRAL PARK, NY US","2016-07-02","5.37","0.00",
"USW00094728","NY CITY CENTRAL PARK, NY US","2016-07-03","3.13","0.00",
"USW00094728","NY CITY CENTRAL PARK, NY US","2016-07-04","3.13","0.49",
"USW00094728","NY CITY CENTRAL PARK, NY US","2016-07-05","2.91","0.66",
"USW00094728","NY CITY CENTRAL PARK, NY US","2016-07-06","2.46","0.00",
"USW00094728","NY CITY CENTRAL PARK, NY US","2016-07-07","2.01","0.04",
"USW00094728","NY CITY CENTRAL PARK, NY US","2016-07-08","5.37","0.08",
"USW00094728","NY CITY CENTRAL PARK, NY US","2016-07-09","4.03","0.53",
"USW00094728","NY CITY CENTRAL PARK, NY US","2016-07-10","4.25","0.00",
"USW00094728","NY CITY CENTRAL PARK, NY US","2016-07-11","3.36","0.00",
"USW00094728","NY CITY CENTRAL PARK, NY US","2016-07-12","4.25","0.00",
"USW00094728","NY CITY CENTRAL PARK, NY US","2016-07-13","4.70","0.00",
"USW00094728","NY CITY CENTRAL PARK, NY US","2016-07-14","2.91","0.62",
"USW00094728","NY CITY CENTRAL PARK, NY US","2016-07-15","4.47","0.00",
"USW00094728","NY CITY CENTRAL PARK, NY US","2016-07-16","4.25","0.00",
"USW00094728","NY CITY CENTRAL PARK, NY US","2016-07-17","2.68","0.00",
"USW00094728","NY CITY CENTRAL PARK, NY US","2016-07-18","5.82","0.35",
"USW00094728","NY CITY CENTRAL PARK, NY US","2016-07-19","4.92","0.00",
"USW00094728","NY CITY CENTRAL PARK, NY US","2016-07-20","3.13","0.00",
"USW00094728","NY CITY CENTRAL PARK, NY US","2016-07-21","5.14","0.00",
"USW00094728","NY CITY CENTRAL PARK, NY US","2016-07-22","6.49","0.00",
"USW00094728","NY CITY CENTRAL PARK, NY US","2016-07-23","4.92","0.00",
"USW00094728","NY CITY CENTRAL PARK, NY US","2016-07-24","4.03","0.00",
"USW00094728","NY CITY CENTRAL PARK, NY US","2016-07-25","3.36","1.00",
"USW00094728","NY CITY CENTRAL PARK, NY US","2016-07-26","4.25","0.00",
"USW00094728","NY CITY CENTRAL PARK, NY US","2016-07-27","2.01","0.00",
"USW00094728","NY CITY CENTRAL PARK, NY US","2016-07-28","3.13","0.00",
"USW00094728","NY CITY CENTRAL PARK, NY US","2016-07-29","4.25","1.09",
"USW00094728","NY CITY CENTRAL PARK, NY US","2016-07-30","3.58","0.25",
"USW00094728","NY CITY CENTRAL PARK, NY US","2016-07-31","4.25","1.08",
"USW00094728","NY CITY CENTRAL PARK, NY US","2016-08-01","4.92","0.00",
"USW00094728","NY CITY CENTRAL PARK, NY US","2016-08-02","6.93","0.00",
"USW00094728","NY CITY CENTRAL PARK, NY US","2016-08-03","2.91","0.00",
"USW00094728","NY CITY CENTRAL PARK, NY US","2016-08-04","2.01","0.00",
"USW00094728","NY CITY CENTRAL PARK, NY US","2016-08-05","3.80","0.00",
"USW00094728","NY CITY CENTRAL PARK, NY US","2016-08-06","5.14","0.05",
"USW00094728","NY CITY CENTRAL PARK, NY US","2016-08-07","4.03","0.00",
"USW00094728","NY CITY CENTRAL PARK, NY US","2016-08-08","1.34","0.00",
"USW00094728","NY CITY CENTRAL PARK, NY US","2016-08-09","2.68","0.00",
"USW00094728","NY CITY CENTRAL PARK, NY US","2016-08-10","4.03","0.09",
"USW00094728","NY CITY CENTRAL PARK, NY US","2016-08-11","4.47","0.15",
"USW00094728","NY CITY CENTRAL PARK, NY US","2016-08-12","5.14","0.32",
"USW00094728","NY CITY CENTRAL PARK, NY US","2016-08-13","4.03","0.00",
"USW00094728","NY CITY CENTRAL PARK, NY US","2016-08-14","3.80","0.06",
"USW00094728","NY CITY CENTRAL PARK, NY US","2016-08-15","2.91","0.00",
"USW00094728","NY CITY CENTRAL PARK, NY US","2016-08-16","4.03","0.11",
"USW00094728","NY CITY CENTRAL PARK, NY US","2016-08-17","5.37","0.01",
"USW00094728","NY CITY CENTRAL PARK, NY US","2016-08-18","1.57","0.03",
"USW00094728","NY CITY CENTRAL PARK, NY US","2016-08-19","2.24","0.01",
"USW00094728","NY CITY CENTRAL PARK, NY US","2016-08-20","4.70","0.82",
"USW00094728","NY CITY CENTRAL PARK, NY US","2016-08-21","4.25","0.31",
"USW00094728","NY CITY CENTRAL PARK, NY US","2016-08-22","5.82","0.00",
"USW00094728","NY CITY CENTRAL PARK, NY US","2016-08-23","1.79","0.00",
"USW00094728","NY CITY CENTRAL PARK, NY US","2016-08-24",,"0.00",
"USW00094728","NY CITY CENTRAL PARK, NY US","2016-08-25",,"0.01",
"USW00094728","NY CITY CENTRAL PARK, NY US","2016-08-26",,"0.00",
"USW00094728","NY CITY CENTRAL PARK, NY US","2016-08-27","2.68","0.00",
"USW00094728","NY CITY CENTRAL PARK, NY US","2016-08-28","2.46","0.00",
"USW00094728","NY CITY CENTRAL PARK, NY US","2016-08-29","5.37","0.00",
"USW00094728","NY CITY CENTRAL PARK, NY US","2016-08-30","3.13","0.00",
"USW00094728","NY CITY CENTRAL PARK, NY US","2016-08-31","3.36","0.00",
"USW00094728","NY CITY CENTRAL PARK, NY US","2016-09-01","1.79","0.50",
"USW00094728","NY CITY CENTRAL PARK, NY US","2016-09-02","6.04","0.00",
"USW00094728","NY CITY CENTRAL PARK, NY US","2016-09-03","6.71","0.00",
"USW00094728","NY CITY CENTRAL PARK, NY US","2016-09-04","6.71","0.00",
"USW00094728","NY CITY CENTRAL PARK, NY US","2016-09-05","7.61","0.00",
"USW00094728","NY CITY CENTRAL PARK, NY US","2016-09-06","9.62","0.00",
"USW00094728","NY CITY CENTRAL PARK, NY US","2016-09-07","6.49","0.00",
"USW00094728","NY CITY CENTRAL PARK, NY US","2016-09-08","2.68","0.00",
"USW00094728","NY CITY CENTRAL PARK, NY US","2016-09-09","3.80","0.22",
"USW00094728","NY CITY CENTRAL PARK, NY US","2016-09-10","4.03","0.00",
"USW00094728","NY CITY CENTRAL PARK, NY US","2016-09-11","5.82","0.00",
"USW00094728","NY CITY CENTRAL PARK, NY US","2016-09-12","4.25","0.00",
"USW00094728","NY CITY CENTRAL PARK, NY US","2016-09-13","4.03","0.00",
"USW00094728","NY CITY CENTRAL PARK, NY US","2016-09-14","4.92","0.56",
"USW00094728","NY CITY CENTRAL PARK, NY US","2016-09-15","4.92","0.00",
"USW00094728","NY CITY CENTRAL PARK, NY US","2016-09-16","2.68","0.00",
"USW00094728","NY CITY CENTRAL PARK, NY US","2016-09-17","3.36","0.00",
"USW00094728","NY CITY CENTRAL PARK, NY US","2016-09-18","3.58","0.00",
"USW00094728","NY CITY CENTRAL PARK, NY US","2016-09-19","2.46","0.68",
"USW00094728","NY CITY CENTRAL PARK, NY US","2016-09-20","2.24","0.00",
"USW00094728","NY CITY CENTRAL PARK, NY US","2016-09-21","3.80","0.00",
"USW00094728","NY CITY CENTRAL PARK, NY US","2016-09-22","2.46","0.00",
"USW00094728","NY CITY CENTRAL PARK, NY US","2016-09-23","1.79","0.01",
"USW00094728","NY CITY CENTRAL PARK, NY US","2016-09-24","5.14","0.20",
"USW00094728","NY CITY CENTRAL PARK, NY US","2016-09-25","2.91","0.00",
"USW00094728","NY CITY CENTRAL PARK, NY US","2016-09-26","4.47","0.00",
"USW00094728","NY CITY CENTRAL PARK, NY US","2016-09-27","3.13","0.22",
"USW00094728","NY CITY CENTRAL PARK, NY US","2016-09-28","8.05","0.00",
"USW00094728","NY CITY CENTRAL PARK, NY US","2016-09-29","11.18","0.00",
"USW00094728","NY CITY CENTRAL PARK, NY US","2016-09-30","9.62","0.40",
"USW00094728","NY CITY CENTRAL PARK, NY US","2016-10-01","7.61","0.00",
"USW00094728","NY CITY CENTRAL PARK, NY US","2016-10-02","2.68","0.00",
"USW00094728","NY CITY CENTRAL PARK, NY US","2016-10-03","2.24","0.00",
"USW00094728","NY CITY CENTRAL PARK, NY US","2016-10-04","7.61","0.00",
"USW00094728","NY CITY CENTRAL PARK, NY US","2016-10-05","4.70","0.00",
"USW00094728","NY CITY CENTRAL PARK, NY US","2016-10-06","2.01","0.00",
"USW00094728","NY CITY CENTRAL PARK, NY US","2016-10-07","2.46","0.00",
"USW00094728","NY CITY CENTRAL PARK, NY US","2016-10-08","2.01","0.23",
"USW00094728","NY CITY CENTRAL PARK, NY US","2016-10-09","7.38","0.55",
"USW00094728","NY CITY CENTRAL PARK, NY US","2016-10-10","4.70","0.00",
"USW00094728","NY CITY CENTRAL PARK, NY US","2016-10-11","3.58","0.00",
"USW00094728","NY CITY CENTRAL PARK, NY US","2016-10-12","1.12","0.00",
"USW00094728","NY CITY CENTRAL PARK, NY US","2016-10-13","2.91","0.00",
"USW00094728","NY CITY CENTRAL PARK, NY US","2016-10-14","4.70","0.00",
"USW00094728","NY CITY CENTRAL PARK, NY US","2016-10-15","3.13","0.00",
"USW00094728","NY CITY CENTRAL PARK, NY US","2016-10-16","4.03","0.00",
"USW00094728","NY CITY CENTRAL PARK, NY US","2016-10-17","2.68","0.00",
"USW00094728","NY CITY CENTRAL PARK, NY US","2016-10-18","4.03","0.00",
"USW00094728","NY CITY CENTRAL PARK, NY US","2016-10-19","4.47","0.00",
"USW00094728","NY CITY CENTRAL PARK, NY US","2016-10-20","6.26","0.00",
"USW00094728","NY CITY CENTRAL PARK, NY US","2016-10-21","2.24","1.11",
"USW00094728","NY CITY CENTRAL PARK, NY US","2016-10-22","10.51","0.29",
"USW00094728","NY CITY CENTRAL PARK, NY US","2016-10-23","8.50","0.00",
"USW00094728","NY CITY CENTRAL PARK, NY US","2016-10-24","6.04","0.00",
"USW00094728","NY CITY CENTRAL PARK, NY US","2016-10-25","6.49","0.00",
"USW00094728","NY CITY CENTRAL PARK, NY US","2016-10-26","4.03","0.00",
"USW00094728","NY CITY CENTRAL PARK, NY US","2016-10-27","5.14","1.41",
"USW00094728","NY CITY CENTRAL PARK, NY US","2016-10-28","8.28","0.00",
"USW00094728","NY CITY CENTRAL PARK, NY US","2016-10-29","4.25","0.00",
"USW00094728","NY CITY CENTRAL PARK, NY US","2016-10-30","3.80","0.56",
"USW00094728","NY CITY CENTRAL PARK, NY US","2016-10-31","4.92","0.00",
"USW00094728","NY CITY CENTRAL PARK, NY US","2016-11-01","3.13","0.00",
"USW00094728","NY CITY CENTRAL PARK, NY US","2016-11-02","3.13","0.00",
"USW00094728","NY CITY CENTRAL PARK, NY US","2016-11-03","5.14","0.00",
"USW00094728","NY CITY CENTRAL PARK, NY US","2016-11-04","4.70","0.00",
"USW00094728","NY CITY CENTRAL PARK, NY US","2016-11-05","3.13","0.00",
"USW00094728","NY CITY CENTRAL PARK, NY US","2016-11-06","7.61","0.00",
"USW00094728","NY CITY CENTRAL PARK, NY US","2016-11-07","5.37","0.00",
"USW00094728","NY CITY CENTRAL PARK, NY US","2016-11-08","2.46","0.00",
"USW00094728","NY CITY CENTRAL PARK, NY US","2016-11-09","3.58","0.06",
"USW00094728","NY CITY CENTRAL PARK, NY US","2016-11-10","5.82","0.00",
"USW00094728","NY CITY CENTRAL PARK, NY US","2016-11-11","8.28","0.00",
"USW00094728","NY CITY CENTRAL PARK, NY US","2016-11-12","5.37","0.00",
"USW00094728","NY CITY CENTRAL PARK, NY US","2016-11-13","5.37","0.00",
"USW00094728","NY CITY CENTRAL PARK, NY US","2016-11-14","3.58","0.00",
"USW00094728","NY CITY CENTRAL PARK, NY US","2016-11-15","5.59","1.81",
"USW00094728","NY CITY CENTRAL PARK, NY US","2016-11-16","4.03","0.00",
"USW00094728","NY CITY CENTRAL PARK, NY US","2016-11-17","4.25","0.00",
"USW00094728","NY CITY CENTRAL PARK, NY US","2016-11-18","2.46","0.00",
"USW00094728","NY CITY CENTRAL PARK, NY US","2016-11-19","4.92","0.25",
"USW00094728","NY CITY CENTRAL PARK, NY US","2016-11-20","10.29","0.31",
"USW00094728","NY CITY CENTRAL PARK, NY US","2016-11-21","13.20","0.00",
"USW00094728","NY CITY CENTRAL PARK, NY US","2016-11-22","9.62","0.00",
"USW00094728","NY CITY CENTRAL PARK, NY US","2016-11-23","4.92","0.00",
"USW00094728","NY CITY CENTRAL PARK, NY US","2016-11-24","4.47","0.03",
"USW00094728","NY CITY CENTRAL PARK, NY US","2016-11-25","2.01","0.02",
"USW00094728","NY CITY CENTRAL PARK, NY US","2016-11-26","4.47","0.00",
"USW00094728","NY CITY CENTRAL PARK, NY US","2016-11-27","4.70","0.00",
"USW00094728","NY CITY CENTRAL PARK, NY US","2016-11-28","3.36","0.00",
"USW00094728","NY CITY CENTRAL PARK, NY US","2016-11-29","4.92","2.20",
"USW00094728","NY CITY CENTRAL PARK, NY US","2016-11-30","6.26","0.73",
"USW00094728","NY CITY CENTRAL PARK, NY US","2016-12-01","7.61","0.07",
"USW00094728","NY CITY CENTRAL PARK, NY US","2016-12-02","8.72","0.00",
"USW00094728","NY CITY CENTRAL PARK, NY US","2016-12-03","8.72","0.00",
"USW00094728","NY CITY CENTRAL PARK, NY US","2016-12-04","4.92","0.00",
"USW00094728","NY CITY CENTRAL PARK, NY US","2016-12-05","5.59","0.19",
"USW00094728","NY CITY CENTRAL PARK, NY US","2016-12-06","5.37","0.35",
"USW00094728","NY CITY CENTRAL PARK, NY US","2016-12-07","3.80","0.09",
"USW00094728","NY CITY CENTRAL PARK, NY US","2016-12-08",,"0.00",
"USW00094728","NY CITY CENTRAL PARK, NY US","2016-12-09",,"0.00",
"USW00094728","NY CITY CENTRAL PARK, NY US","2016-12-10","6.04","0.00",
"USW00094728","NY CITY CENTRAL PARK, NY US","2016-12-11","4.03","0.03",
"USW00094728","NY CITY CENTRAL PARK, NY US","2016-12-12","6.26","0.50",
"USW00094728","NY CITY CENTRAL PARK, NY US","2016-12-13","4.03","0.00",
"USW00094728","NY CITY CENTRAL PARK, NY US","2016-12-14","5.59","0.00",
"USW00094728","NY CITY CENTRAL PARK, NY US","2016-12-15","10.96","0.00",
"USW00094728","NY CITY CENTRAL PARK, NY US","2016-12-16","6.04","0.00",
"USW00094728","NY CITY CENTRAL PARK, NY US","2016-12-17","4.25","0.73",
"USW00094728","NY CITY CENTRAL PARK, NY US","2016-12-18","7.38","0.04",
"USW00094728","NY CITY CENTRAL PARK, NY US","2016-12-19","6.71","0.00",
"USW00094728","NY CITY CENTRAL PARK, NY US","2016-12-20","3.13","0.00",
"USW00094728","NY CITY CENTRAL PARK, NY US","2016-12-21","2.91","0.00",
"USW00094728","NY CITY CENTRAL PARK, NY US","2016-12-22","6.26","0.00",
"USW00094728","NY CITY CENTRAL PARK, NY US","2016-12-23","6.49","0.00",
"USW00094728","NY CITY CENTRAL PARK, NY US","2016-12-24","4.92","0.47",
"USW00094728","NY CITY CENTRAL PARK, NY US","2016-12-25","6.26","0.00",
"USW00094728","NY CITY CENTRAL PARK, NY US","2016-12-26","6.49","0.02",
"USW00094728","NY CITY CENTRAL PARK, NY US","2016-12-27","7.16","0.00",
"USW00094728","NY CITY CENTRAL PARK, NY US","2016-12-28","5.14","0.00",
"USW00094728","NY CITY CENTRAL PARK, NY US","2016-12-29","5.37","0.39",
"USW00094728","NY CITY CENTRAL PARK, NY US","2016-12-30","9.40","0.01",
"USW00094728","NY CITY CENTRAL PARK, NY US","2016-12-31","6.93","0.00",
"USW00094728","NY CITY CENTRAL PARK, NY US","2017-01-01","5.59","0.00",
"USW00094728","NY CITY CENTRAL PARK, NY US","2017-01-02","9.17","0.21",
"USW00094728","NY CITY CENTRAL PARK, NY US","2017-01-03","10.74","0.58",
"USW00094728","NY CITY CENTRAL PARK, NY US","2017-01-04","8.05","0.00",
"USW00094728","NY CITY CENTRAL PARK, NY US","2017-01-05","7.83","0.00",
"USW00094728","NY CITY CENTRAL PARK, NY US","2017-01-06","4.70","0.05",
"USW00094728","NY CITY CENTRAL PARK, NY US","2017-01-07","7.61","0.32",
"USW00094728","NY CITY CENTRAL PARK, NY US","2017-01-08","8.72","0.00",
"USW00094728","NY CITY CENTRAL PARK, NY US","2017-01-09","5.14","0.00",
"USW00094728","NY CITY CENTRAL PARK, NY US","2017-01-10","4.70","0.00",
"USW00094728","NY CITY CENTRAL PARK, NY US","2017-01-11","5.82","0.52",
"USW00094728","NY CITY CENTRAL PARK, NY US","2017-01-12","7.61","0.05",
"USW00094728","NY CITY CENTRAL PARK, NY US","2017-01-13","7.16","0.00",
"USW00094728","NY CITY CENTRAL PARK, NY US","2017-01-14","4.25","0.12",
"USW00094728","NY CITY CENTRAL PARK, NY US","2017-01-15","4.25","0.00",
"USW00094728","NY CITY CENTRAL PARK, NY US","2017-01-16","4.70","0.00",
"USW00094728","NY CITY CENTRAL PARK, NY US","2017-01-17","4.92","0.35",
"USW00094728","NY CITY CENTRAL PARK, NY US","2017-01-18","5.82","0.06",
"USW00094728","NY CITY CENTRAL PARK, NY US","2017-01-19","3.58","0.00",
"USW00094728","NY CITY CENTRAL PARK, NY US","2017-01-20","4.03","0.10",
"USW00094728","NY CITY CENTRAL PARK, NY US","2017-01-21","3.80","0.00",
"USW00094728","NY CITY CENTRAL PARK, NY US","2017-01-22","6.71","0.05",
"USW00094728","NY CITY CENTRAL PARK, NY US","2017-01-23","18.34","1.16",
"USW00094728","NY CITY CENTRAL PARK, NY US","2017-01-24","10.07","1.18",
"USW00094728","NY CITY CENTRAL PARK, NY US","2017-01-25","6.71","0.00",
"USW00094728","NY CITY CENTRAL PARK, NY US","2017-01-26","6.71","0.02",
"USW00094728","NY CITY CENTRAL PARK, NY US","2017-01-27","8.95","0.00",
"USW00094728","NY CITY CENTRAL PARK, NY US","2017-01-28","7.83","0.00",
"USW00094728","NY CITY CENTRAL PARK, NY US","2017-01-29","5.82","0.00",
"USW00094728","NY CITY CENTRAL PARK, NY US","2017-01-30","6.26","0.00",
"USW00094728","NY CITY CENTRAL PARK, NY US","2017-01-31","4.03","0.06",
"USW00094728","NY CITY CENTRAL PARK, NY US","2017-02-01","5.82","0.00",
"USW00094728","NY CITY CENTRAL PARK, NY US","2017-02-02","5.37","0.00",
"USW00094728","NY CITY CENTRAL PARK, NY US","2017-02-03","6.71","0.00",
"USW00094728","NY CITY CENTRAL PARK, NY US","2017-02-04","8.50","0.00",
"USW00094728","NY CITY CENTRAL PARK, NY US","2017-02-05","7.16","0.00",
"USW00094728","NY CITY CENTRAL PARK, NY US","2017-02-06","5.14","0.00",
"USW00094728","NY CITY CENTRAL PARK, NY US","2017-02-07","6.71","0.27",
"USW00094728","NY CITY CENTRAL PARK, NY US","2017-02-08","4.70","0.03",
"USW00094728","NY CITY CENTRAL PARK, NY US","2017-02-09","12.30","1.16",
"USW00094728","NY CITY CENTRAL PARK, NY US","2017-02-10","8.50","0.00",
"USW00094728","NY CITY CENTRAL PARK, NY US","2017-02-11","4.03","0.00",
"USW00094728","NY CITY CENTRAL PARK, NY US","2017-02-12","7.16","0.46",
"USW00094728","NY CITY CENTRAL PARK, NY US","2017-02-13","12.30","0.02",
"USW00094728","NY CITY CENTRAL PARK, NY US","2017-02-14","5.37","0.00",
"USW00094728","NY CITY CENTRAL PARK, NY US","2017-02-15","6.49","0.00",
"USW00094728","NY CITY CENTRAL PARK, NY US","2017-02-16","10.51","0.00",
"USW00094728","NY CITY CENTRAL PARK, NY US","2017-02-17","8.50","0.00",
"USW00094728","NY CITY CENTRAL PARK, NY US","2017-02-18","5.82","0.00",
"USW00094728","NY CITY CENTRAL PARK, NY US","2017-02-19","5.59","0.00",
"USW00094728","NY CITY CENTRAL PARK, NY US","2017-02-20","7.38","0.00",
"USW00094728","NY CITY CENTRAL PARK, NY US","2017-02-21","5.82","0.00",
"USW00094728","NY CITY CENTRAL PARK, NY US","2017-02-22","2.91","0.00",
"USW00094728","NY CITY CENTRAL PARK, NY US","2017-02-23","3.58","0.00",
"USW00094728","NY CITY CENTRAL PARK, NY US","2017-02-24","6.04","0.00",
"USW00094728","NY CITY CENTRAL PARK, NY US","2017-02-25","6.71","0.54",
"USW00094728","NY CITY CENTRAL PARK, NY US","2017-02-26","8.95","0.00",
"USW00094728","NY CITY CENTRAL PARK, NY US","2017-02-27","5.59","0.00",
"USW00094728","NY CITY CENTRAL PARK, NY US","2017-02-28","4.03","0.00",
"USW00094728","NY CITY CENTRAL PARK, NY US","2017-03-01","6.04","0.12",
"USW00094728","NY CITY CENTRAL PARK, NY US","2017-03-02","11.41","0.00",
"USW00094728","NY CITY CENTRAL PARK, NY US","2017-03-03","8.28","0.00",
"USW00094728","NY CITY CENTRAL PARK, NY US","2017-03-04","8.95","0.00",
"USW00094728","NY CITY CENTRAL PARK, NY US","2017-03-05","5.37","0.00",
"USW00094728","NY CITY CENTRAL PARK, NY US","2017-03-06","3.36","0.00",
"USW00094728","NY CITY CENTRAL PARK, NY US","2017-03-07","4.25","0.10",
"USW00094728","NY CITY CENTRAL PARK, NY US","2017-03-08","7.61","0.02",
"USW00094728","NY CITY CENTRAL PARK, NY US","2017-03-09","8.72","0.00",
"USW00094728","NY CITY CENTRAL PARK, NY US","2017-03-10","7.61","0.31",
"USW00094728","NY CITY CENTRAL PARK, NY US","2017-03-11","9.62","0.00",
"USW00094728","NY CITY CENTRAL PARK, NY US","2017-03-12","8.95","0.00",
"USW00094728","NY CITY CENTRAL PARK, NY US","2017-03-13","4.47","0.00",
"USW00094728","NY CITY CENTRAL PARK, NY US","2017-03-14","13.42","1.97",
"USW00094728","NY CITY CENTRAL PARK, NY US","2017-03-15","11.63","0.00",
"USW00094728","NY CITY CENTRAL PARK, NY US","2017-03-16","7.83","0.00",
"USW00094728","NY CITY CENTRAL PARK, NY US","2017-03-17","6.49","0.00",
"USW00094728","NY CITY CENTRAL PARK, NY US","2017-03-18","8.72","0.08",
"USW00094728","NY CITY CENTRAL PARK, NY US","2017-03-19","8.28","0.00",
"USW00094728","NY CITY CENTRAL PARK, NY US","2017-03-20","5.14","0.00",
"USW00094728","NY CITY CENTRAL PARK, NY US","2017-03-21","4.03","0.00",
"USW00094728","NY CITY CENTRAL PARK, NY US","2017-03-22","11.41","0.00",
"USW00094728","NY CITY CENTRAL PARK, NY US","2017-03-23","4.92","0.00",
"USW00094728","NY CITY CENTRAL PARK, NY US","2017-03-24","6.26","0.00",
"USW00094728","NY CITY CENTRAL PARK, NY US","2017-03-25","6.71","0.01",
"USW00094728","NY CITY CENTRAL PARK, NY US","2017-03-26","8.28","0.14",
"USW00094728","NY CITY CENTRAL PARK, NY US","2017-03-27","4.25","0.26",
"USW00094728","NY CITY CENTRAL PARK, NY US","2017-03-28","5.82","0.72",
"USW00094728","NY CITY CENTRAL PARK, NY US","2017-03-29","7.83","0.00",
"USW00094728","NY CITY CENTRAL PARK, NY US","2017-03-30","5.82","0.01",
"USW00094728","NY CITY CENTRAL PARK, NY US","2017-03-31","10.29","1.51",
"USW00094728","NY CITY CENTRAL PARK, NY US","2017-04-01","7.61","0.00",
"USW00094728","NY CITY CENTRAL PARK, NY US","2017-04-02","5.37","0.00",
"USW00094728","NY CITY CENTRAL PARK, NY US","2017-04-03","4.92","0.03",
"USW00094728","NY CITY CENTRAL PARK, NY US","2017-04-04","6.93","1.18",
"USW00094728","NY CITY CENTRAL PARK, NY US","2017-04-05","3.36","0.00",
"USW00094728","NY CITY CENTRAL PARK, NY US","2017-04-06","9.17","0.73",
"USW00094728","NY CITY CENTRAL PARK, NY US","2017-04-07","10.51","0.00",
"USW00094728","NY CITY CENTRAL PARK, NY US","2017-04-08","8.28","0.00",
"USW00094728","NY CITY CENTRAL PARK, NY US","2017-04-09","4.92","0.00",
"USW00094728","NY CITY CENTRAL PARK, NY US","2017-04-10","6.04","0.00",
"USW00094728","NY CITY CENTRAL PARK, NY US","2017-04-11","5.59","0.00",
"USW00094728","NY CITY CENTRAL PARK, NY US","2017-04-12","2.91","0.02",
"USW00094728","NY CITY CENTRAL PARK, NY US","2017-04-13","5.14","0.00",
"USW00094728","NY CITY CENTRAL PARK, NY US","2017-04-14","3.80","0.00",
"USW00094728","NY CITY CENTRAL PARK, NY US","2017-04-15","5.59","0.00",
"USW00094728","NY CITY CENTRAL PARK, NY US","2017-04-16","7.38","0.00",
"USW00094728","NY CITY CENTRAL PARK, NY US","2017-04-17","6.71","0.00",
"USW00094728","NY CITY CENTRAL PARK, NY US","2017-04-18","6.93","0.00",
"USW00094728","NY CITY CENTRAL PARK, NY US","2017-04-19","5.59","0.00",
"USW00094728","NY CITY CENTRAL PARK, NY US","2017-04-20","4.03","0.17",
"USW00094728","NY CITY CENTRAL PARK, NY US","2017-04-21","7.38","0.29",
"USW00094728","NY CITY CENTRAL PARK, NY US","2017-04-22","3.58","0.11",
"USW00094728","NY CITY CENTRAL PARK, NY US","2017-04-23","4.92","0.00",
"USW00094728","NY CITY CENTRAL PARK, NY US","2017-04-24","3.58","0.00",
"USW00094728","NY CITY CENTRAL PARK, NY US","2017-04-25","13.20","0.91",
"USW00094728","NY CITY CENTRAL PARK, NY US","2017-04-26","4.92","0.34",
"USW00094728","NY CITY CENTRAL PARK, NY US","2017-04-27","2.91","0.00",
"USW00094728","NY CITY CENTRAL PARK, NY US","2017-04-28","3.13","0.00",
"USW00094728","NY CITY CENTRAL PARK, NY US","2017-04-29","5.14","0.06",
"USW00094728","NY CITY CENTRAL PARK, NY US","2017-04-30","6.71","0.00",
"USW00094728","NY CITY CENTRAL PARK, NY US","2017-05-01","5.14","0.00",
"USW00094728","NY CITY CENTRAL PARK, NY US","2017-05-02","7.83","0.00",
"USW00094728","NY CITY CENTRAL PARK, NY US","2017-05-03","8.28","0.00",
"USW00094728","NY CITY CENTRAL PARK, NY US","2017-05-04","5.37","0.00",
"USW00094728","NY CITY CENTRAL PARK, NY US","2017-05-05","6.49","3.02",
"USW00094728","NY CITY CENTRAL PARK, NY US","2017-05-06","6.04","0.18",
"USW00094728","NY CITY CENTRAL PARK, NY US","2017-05-07","5.59","0.01",
"USW00094728","NY CITY CENTRAL PARK, NY US","2017-05-08","5.82","0.00",
"USW00094728","NY CITY CENTRAL PARK, NY US","2017-05-09","4.47","0.00",
"USW00094728","NY CITY CENTRAL PARK, NY US","2017-05-10","3.36","0.00",
"USW00094728","NY CITY CENTRAL PARK, NY US","2017-05-11","3.58","0.00",
"USW00094728","NY CITY CENTRAL PARK, NY US","2017-05-12","4.03","0.00",
"USW00094728","NY CITY CENTRAL PARK, NY US","2017-05-13","7.61","1.61",
"USW00094728","NY CITY CENTRAL PARK, NY US","2017-05-14","5.37","0.02",
"USW00094728","NY CITY CENTRAL PARK, NY US","2017-05-15","8.95","0.00",
"USW00094728","NY CITY CENTRAL PARK, NY US","2017-05-16","4.25","0.00",
"USW00094728","NY CITY CENTRAL PARK, NY US","2017-05-17","5.59","0.00",
"USW00094728","NY CITY CENTRAL PARK, NY US","2017-05-18","5.59","0.00",
"USW00094728","NY CITY CENTRAL PARK, NY US","2017-05-19","6.26","0.00",
"USW00094728","NY CITY CENTRAL PARK, NY US","2017-05-20","4.03","0.01",
"USW00094728","NY CITY CENTRAL PARK, NY US","2017-05-21","4.03","0.00",
"USW00094728","NY CITY CENTRAL PARK, NY US","2017-05-22","2.68","0.59",
"USW00094728","NY CITY CENTRAL PARK, NY US","2017-05-23","2.24","0.00",
"USW00094728","NY CITY CENTRAL PARK, NY US","2017-05-24","4.92","0.04",
"USW00094728","NY CITY CENTRAL PARK, NY US","2017-05-25","8.05","0.58",
"USW00094728","NY CITY CENTRAL PARK, NY US","2017-05-26","4.92","0.10",
"USW00094728","NY CITY CENTRAL PARK, NY US","2017-05-27","3.13","0.00",
"USW00094728","NY CITY CENTRAL PARK, NY US","2017-05-28","4.47","0.00",
"USW00094728","NY CITY CENTRAL PARK, NY US","2017-05-29","5.14","0.13",
"USW00094728","NY CITY CENTRAL PARK, NY US","2017-05-30","2.68","0.06",
"USW00094728","NY CITY CENTRAL PARK, NY US","2017-05-31","2.46","0.03",
"USW00094728","NY CITY CENTRAL PARK, NY US","2017-06-01","3.80","0.00",
"USW00094728","NY CITY CENTRAL PARK, NY US","2017-06-02","4.47","0.01",
"USW00094728","NY CITY CENTRAL PARK, NY US","2017-06-03","3.58","0.01",
"USW00094728","NY CITY CENTRAL PARK, NY US","2017-06-04","2.24","0.09",
"USW00094728","NY CITY CENTRAL PARK, NY US","2017-06-05","4.92","0.02",
"USW00094728","NY CITY CENTRAL PARK, NY US","2017-06-06","7.16","0.06",
"USW00094728","NY CITY CENTRAL PARK, NY US","2017-06-07","3.36","0.00",
"USW00094728","NY CITY CENTRAL PARK, NY US","2017-06-08","3.80","0.00",
"USW00094728","NY CITY CENTRAL PARK, NY US","2017-06-09","4.70","0.00",
"USW00094728","NY CITY CENTRAL PARK, NY US","2017-06-10","3.58","0.00",
"USW00094728","NY CITY CENTRAL PARK, NY US","2017-06-11","5.14","0.00",
"USW00094728","NY CITY CENTRAL PARK, NY US","2017-06-12","3.80","0.00",
"USW00094728","NY CITY CENTRAL PARK, NY US","2017-06-13","3.13","0.00",
"USW00094728","NY CITY CENTRAL PARK, NY US","2017-06-14","4.70","0.29",
"USW00094728","NY CITY CENTRAL PARK, NY US","2017-06-15","4.25","0.00",
"USW00094728","NY CITY CENTRAL PARK, NY US","2017-06-16","5.14","0.00",
"USW00094728","NY CITY CENTRAL PARK, NY US","2017-06-17","2.24","1.39",
"USW00094728","NY CITY CENTRAL PARK, NY US","2017-06-18","3.58","0.00",
"USW00094728","NY CITY CENTRAL PARK, NY US","2017-06-19","3.80","1.35",
"USW00094728","NY CITY CENTRAL PARK, NY US","2017-06-20","5.14","0.03",
"USW00094728","NY CITY CENTRAL PARK, NY US","2017-06-21","4.70","0.00",
"USW00094728","NY CITY CENTRAL PARK, NY US","2017-06-22","2.24","0.00",
"USW00094728","NY CITY CENTRAL PARK, NY US","2017-06-23","4.92","0.04",
"USW00094728","NY CITY CENTRAL PARK, NY US","2017-06-24","5.37","1.29",
"USW00094728","NY CITY CENTRAL PARK, NY US","2017-06-25","2.46","0.00",
"USW00094728","NY CITY CENTRAL PARK, NY US","2017-06-26","3.13","0.00",
"USW00094728","NY CITY CENTRAL PARK, NY US","2017-06-27","3.58","0.18",
"USW00094728","NY CITY CENTRAL PARK, NY US","2017-06-28","4.92","0.00",
"USW00094728","NY CITY CENTRAL PARK, NY US","2017-06-29","5.37","0.00",
"USW00094728","NY CITY CENTRAL PARK, NY US","2017-06-30","5.82","0.00",
"USW00094728","NY CITY CENTRAL PARK, NY US","2017-07-01","4.03","0.23",
"USW00094728","NY CITY CENTRAL PARK, NY US","2017-07-02","4.92","0.00",
"USW00094728","NY CITY CENTRAL PARK, NY US","2017-07-03","1.79","0.45",
"USW00094728","NY CITY CENTRAL PARK, NY US","2017-07-04","2.68","0.00",
"USW00094728","NY CITY CENTRAL PARK, NY US","2017-07-05","4.92","0.00",
"USW00094728","NY CITY CENTRAL PARK, NY US","2017-07-06","3.58","0.00",
"USW00094728","NY CITY CENTRAL PARK, NY US","2017-07-07","5.37","1.78",
"USW00094728","NY CITY CENTRAL PARK, NY US","2017-07-08","3.36","0.00",
"USW00094728","NY CITY CENTRAL PARK, NY US","2017-07-09","3.58","0.00",
"USW00094728","NY CITY CENTRAL PARK, NY US","2017-07-10","3.36","0.00",
"USW00094728","NY CITY CENTRAL PARK, NY US","2017-07-11","3.13","0.00",
"USW00094728","NY CITY CENTRAL PARK, NY US","2017-07-12","5.14","0.00",
"USW00094728","NY CITY CENTRAL PARK, NY US","2017-07-13","4.92","0.00",
"USW00094728","NY CITY CENTRAL PARK, NY US","2017-07-14","4.70","0.35",
"USW00094728","NY CITY CENTRAL PARK, NY US","2017-07-15","3.36","0.00",
"USW00094728","NY CITY CENTRAL PARK, NY US","2017-07-16","2.68","0.00",
"USW00094728","NY CITY CENTRAL PARK, NY US","2017-07-17","2.68","0.00",
"USW00094728","NY CITY CENTRAL PARK, NY US","2017-07-18","2.91","0.00",
"USW00094728","NY CITY CENTRAL PARK, NY US","2017-07-19","3.13","0.00",
"USW00094728","NY CITY CENTRAL PARK, NY US","2017-07-20","2.91","0.01",
"USW00094728","NY CITY CENTRAL PARK, NY US","2017-07-21","3.80","0.00",
"USW00094728","NY CITY CENTRAL PARK, NY US","2017-07-22","2.46","0.57",
"USW00094728","NY CITY CENTRAL PARK, NY US","2017-07-23","2.68","0.06",
"USW00094728","NY CITY CENTRAL PARK, NY US","2017-07-24","6.71","0.74",
"USW00094728","NY CITY CENTRAL PARK, NY US","2017-07-25","5.14","0.00",
"USW00094728","NY CITY CENTRAL PARK, NY US","2017-07-26","3.80","0.00",
"USW00094728","NY CITY CENTRAL PARK, NY US","2017-07-27","2.46","0.00",
"USW00094728","NY CITY CENTRAL PARK, NY US","2017-07-28","2.91","0.00",
"USW00094728","NY CITY CENTRAL PARK, NY US","2017-07-29","9.40","0.00",
"USW00094728","NY CITY CENTRAL PARK, NY US","2017-07-30","4.25","0.00",
"USW00094728","NY CITY CENTRAL PARK, NY US","2017-07-31","2.01","0.00",
"USW00094728","NY CITY CENTRAL PARK, NY US","2017-08-01","2.68","0.00",
"USW00094728","NY CITY CENTRAL PARK, NY US","2017-08-02","1.57","0.09",
"USW00094728","NY CITY CENTRAL PARK, NY US","2017-08-03","1.79","0.00",
"USW00094728","NY CITY CENTRAL PARK, NY US","2017-08-04","4.25","0.15",
"USW00094728","NY CITY CENTRAL PARK, NY US","2017-08-05","4.47","0.30",
"USW00094728","NY CITY CENTRAL PARK, NY US","2017-08-06","3.80","0.00",
"USW00094728","NY CITY CENTRAL PARK, NY US","2017-08-07","2.46","0.76",
"USW00094728","NY CITY CENTRAL PARK, NY US","2017-08-08","2.91","0.00",
"USW00094728","NY CITY CENTRAL PARK, NY US","2017-08-09","1.34","0.00",
"USW00094728","NY CITY CENTRAL PARK, NY US","2017-08-10","2.24","0.00",
"USW00094728","NY CITY CENTRAL PARK, NY US","2017-08-11","2.68","0.00",
"USW00094728","NY CITY CENTRAL PARK, NY US","2017-08-12","3.36","0.11",
"USW00094728","NY CITY CENTRAL PARK, NY US","2017-08-13","3.80","0.00",
"USW00094728","NY CITY CENTRAL PARK, NY US","2017-08-14","2.24","0.00",
"USW00094728","NY CITY CENTRAL PARK, NY US","2017-08-15","1.12","0.45",
"USW00094728","NY CITY CENTRAL PARK, NY US","2017-08-16","2.24","0.00",
"USW00094728","NY CITY CENTRAL PARK, NY US","2017-08-17","3.13","0.00",
"USW00094728","NY CITY CENTRAL PARK, NY US","2017-08-18","3.36","0.88",
"USW00094728","NY CITY CENTRAL PARK, NY US","2017-08-19","2.91","0.00",
"USW00094728","NY CITY CENTRAL PARK, NY US","2017-08-20","4.47","0.00",
"USW00094728","NY CITY CENTRAL PARK, NY US","2017-08-21","3.36","0.00",
"USW00094728","NY CITY CENTRAL PARK, NY US","2017-08-22","5.14","0.30",
"USW00094728","NY CITY CENTRAL PARK, NY US","2017-08-23","4.03","0.00",
"USW00094728","NY CITY CENTRAL PARK, NY US","2017-08-24","3.13","0.00",
"USW00094728","NY CITY CENTRAL PARK, NY US","2017-08-25","2.46","0.00",
"USW00094728","NY CITY CENTRAL PARK, NY US","2017-08-26","3.80","0.00",
"USW00094728","NY CITY CENTRAL PARK, NY US","2017-08-27","4.47","0.00",
"USW00094728","NY CITY CENTRAL PARK, NY US","2017-08-28","6.26","0.00",
"USW00094728","NY CITY CENTRAL PARK, NY US","2017-08-29","8.05","0.29",
"USW00094728","NY CITY CENTRAL PARK, NY US","2017-08-30","5.14","0.01",
"USW00094728","NY CITY CENTRAL PARK, NY US","2017-08-31","3.80","0.00",
"USW00094728","NY CITY CENTRAL PARK, NY US","2017-09-01","4.92","0.00",
"USW00094728","NY CITY CENTRAL PARK, NY US","2017-09-02","5.59","0.53",
"USW00094728","NY CITY CENTRAL PARK, NY US","2017-09-03","5.59","0.74",
"USW00094728","NY CITY CENTRAL PARK, NY US","2017-09-04","4.70","0.00",
"USW00094728","NY CITY CENTRAL PARK, NY US","2017-09-05","3.13","0.00",
"USW00094728","NY CITY CENTRAL PARK, NY US","2017-09-06","3.80","0.42",
"USW00094728","NY CITY CENTRAL PARK, NY US","2017-09-07","4.92","0.01",
"USW00094728","NY CITY CENTRAL PARK, NY US","2017-09-08","3.80","0.00",
"USW00094728","NY CITY CENTRAL PARK, NY US","2017-09-09","4.03","0.00",
"USW00094728","NY CITY CENTRAL PARK, NY US","2017-09-10","5.82","0.00",
"USW00094728","NY CITY CENTRAL PARK, NY US","2017-09-11","2.01","0.00",
"USW00094728","NY CITY CENTRAL PARK, NY US","2017-09-12","1.34","0.00",
"USW00094728","NY CITY CENTRAL PARK, NY US","2017-09-13","2.46","0.06",
"USW00094728","NY CITY CENTRAL PARK, NY US","2017-09-14","2.24","0.02",
"USW00094728","NY CITY CENTRAL PARK, NY US","2017-09-15","1.57","0.00",
"USW00094728","NY CITY CENTRAL PARK, NY US","2017-09-16","2.91","0.00",
"USW00094728","NY CITY CENTRAL PARK, NY US","2017-09-17","2.68","0.00",
"USW00094728","NY CITY CENTRAL PARK, NY US","2017-09-18","6.93","0.00",
"USW00094728","NY CITY CENTRAL PARK, NY US","2017-09-19","9.84","0.22",
"USW00094728","NY CITY CENTRAL PARK, NY US","2017-09-20","6.26","0.00",
"USW00094728","NY CITY CENTRAL PARK, NY US","2017-09-21","5.59","0.00",
"USW00094728","NY CITY CENTRAL PARK, NY US","2017-09-22","7.16","0.00",
"USW00094728","NY CITY CENTRAL PARK, NY US","2017-09-23","4.70","0.00",
"USW00094728","NY CITY CENTRAL PARK, NY US","2017-09-24","1.57","0.00",
"USW00094728","NY CITY CENTRAL PARK, NY US","2017-09-25","2.91","0.00",
"USW00094728","NY CITY CENTRAL PARK, NY US","2017-09-26","2.01","0.00",
"USW00094728","NY CITY CENTRAL PARK, NY US","2017-09-27","3.80","0.00",
"USW00094728","NY CITY CENTRAL PARK, NY US","2017-09-28","5.82","0.00",
"USW00094728","NY CITY CENTRAL PARK, NY US","2017-09-29","2.46","0.00",
"USW00094728","NY CITY CENTRAL PARK, NY US","2017-09-30","6.26","0.00",
"USW00094728","NY CITY CENTRAL PARK, NY US","2017-10-01","2.91","0.00",
"USW00094728","NY CITY CENTRAL PARK, NY US","2017-10-02","2.46","0.00",
"USW00094728","NY CITY CENTRAL PARK, NY US","2017-10-03","3.13","0.00",
"USW00094728","NY CITY CENTRAL PARK, NY US","2017-10-04","4.92","0.00",
"USW00094728","NY CITY CENTRAL PARK, NY US","2017-10-05","4.92","0.00",
"USW00094728","NY CITY CENTRAL PARK, NY US","2017-10-06","2.46","0.00",
"USW00094728","NY CITY CENTRAL PARK, NY US","2017-10-07","4.03","0.00",
"USW00094728","NY CITY CENTRAL PARK, NY US","2017-10-08","4.92","0.22",
"USW00094728","NY CITY CENTRAL PARK, NY US","2017-10-09","4.92","0.26",
"USW00094728","NY CITY CENTRAL PARK, NY US","2017-10-10","2.91","0.00",
"USW00094728","NY CITY CENTRAL PARK, NY US","2017-10-11","5.82","0.06",
"USW00094728","NY CITY CENTRAL PARK, NY US","2017-10-12","8.72","0.07",
"USW00094728","NY CITY CENTRAL PARK, NY US","2017-10-13","6.04","0.00",
"USW00094728","NY CITY CENTRAL PARK, NY US","2017-10-14","2.46","0.08",
"USW00094728","NY CITY CENTRAL PARK, NY US","2017-10-15","4.25","0.00",
"USW00094728","NY CITY CENTRAL PARK, NY US","2017-10-16","6.71","0.01",
"USW00094728","NY CITY CENTRAL PARK, NY US","2017-10-17","4.03","0.00",
"USW00094728","NY CITY CENTRAL PARK, NY US","2017-10-18","3.80","0.00",
"USW00094728","NY CITY CENTRAL PARK, NY US","2017-10-19","4.47","0.00",
"USW00094728","NY CITY CENTRAL PARK, NY US","2017-10-20","4.03","0.00",
"USW00094728","NY CITY CENTRAL PARK, NY US","2017-10-21","2.24","0.00",
"USW00094728","NY CITY CENTRAL PARK, NY US","2017-10-22","1.57","0.00",
"USW00094728","NY CITY CENTRAL PARK, NY US","2017-10-23","3.58","0.00",
"USW00094728","NY CITY CENTRAL PARK, NY US","2017-10-24","5.59","0.20",
"USW00094728","NY CITY CENTRAL PARK, NY US","2017-10-25","2.01","0.00",
"USW00094728","NY CITY CENTRAL PARK, NY US","2017-10-26","6.04","0.00",
"USW00094728","NY CITY CENTRAL PARK, NY US","2017-10-27","3.80","0.00",
"USW00094728","NY CITY CENTRAL PARK, NY US","2017-10-28","4.92","0.00",
"USW00094728","NY CITY CENTRAL PARK, NY US","2017-10-29","6.71","3.03",
"USW00094728","NY CITY CENTRAL PARK, NY US","2017-10-30","8.72","0.25",
"USW00094728","NY CITY CENTRAL PARK, NY US","2017-10-31","5.82","0.00",
"USW00094728","NY CITY CENTRAL PARK, NY US","2017-11-01","2.46","0.00",
"USW00094728","NY CITY CENTRAL PARK, NY US","2017-11-02","2.46","0.00",
"USW00094728","NY CITY CENTRAL PARK, NY US","2017-11-03","5.59","0.00",
"USW00094728","NY CITY CENTRAL PARK, NY US","2017-11-04","5.82","0.00",
